|time|user|text
1|19.03.2020 19:25:15|Дмитрий Адамидов|Открытие магазинов за свои деньги
2|19.03.2020 19:25:32|Alexander Kozhevnikov|а чистая прибыль
3|19.03.2020 19:25:37|Дмитрий Адамидов|Долги идут на товарные запасы
6|19.03.2020 19:26:12|Alexander Kozhevnikov|это хорошо что подливают 
7|19.03.2020 19:26:17|Дмитрий Адамидов|220 дней оборот
8|19.03.2020 19:26:19|ОлегЕ.|
9|19.03.2020 19:26:54|Дмитрий Адамидов|Трудно формулировать
11|19.03.2020 19:28:07|ОлегЕ.|Вас там так на и на 100 уговорят
12|19.03.2020 19:28:36|Дмитрий Адамидов|Размещение будет через 34 недели
14|19.03.2020 19:29:02|Alexander Kozhevnikov|тут нужен сэр Гарри  он может много узкоспециализированных вопросов задать 
15|19.03.2020 19:29:06|Дмитрий Адамидов|Да
17|19.03.2020 19:29:56|Шура SiberianRanger|Первичка 19 марта
18|19.03.2020 19:30:00|Дмитрий Адамидов|Купон могут сделать ежемесячным
19|19.03.2020 19:30:26|Шура SiberianRanger|TOP DNIWE 19 марта
20|19.03.2020 19:30:34|Дмитрий Адамидов|Биржевой выпуск планируют до конца года. КО для разогрева
21|19.03.2020 19:31:29|DIM|
22|19.03.2020 19:31:33|Дмитрий Адамидов|Павел по трезвой сообщит подробности
23|19.03.2020 19:31:39|Rodan|Кто будет организатор
24|19.03.2020 19:32:12|Ivan Ivanov|
25|19.03.2020 19:32:16|Alex S|приглашайте их в чат, их потом тут профильными вопросами замучают
26|19.03.2020 19:32:48|Дмитрий Адамидов|Заметано
31|19.03.2020 19:36:28|Alexander Kozhevnikov|для доставки вина
33|19.03.2020 19:37:19|Savel|Интересно у вас там
34|19.03.2020 19:37:35|Дмитрий Адамидов|Хоббиостров. Выпуск КО 20 млн. Купон 1820
39|19.03.2020 19:40:27|Alexander Kozhevnikov|уже расфокус пошел 
40|19.03.2020 19:40:33|Дмитрий Адамидов|Ага
43|19.03.2020 19:41:02|DIM|Кому игрушки подогнали
44|19.03.2020 19:41:06|Дмитрий Адамидов|Выручка 100 млн. в год
47|19.03.2020 19:42:29|Denis Ipatov|Очень хороший рейтинг. Вв по шкале SampP.
48|19.03.2020 19:42:33|Aleksandr|Ищите порностудию  эмитента . Всем нужна разрядка.
49|19.03.2020 19:42:46|Alexander Kozhevnikov|можно просто написать в порнхаб 
50|19.03.2020 19:43:01|Aleksei Tuv|При 50 будет, но не значит что разместится.
51|19.03.2020 19:43:28|DIM|Полюбому Гарри необходим
52|19.03.2020 19:47:41|Harry Lime|Я хорошо знаю эту компанию , вынужден отказаться от комментариев
53|19.03.2020 19:48:04|Дмитрий Адамидов|У игрушек ебитда 1213 долг 10 млн
54|19.03.2020 19:48:11|Aleksandr|Вино на столе хорошее
55|19.03.2020 19:49:24|DIM|Даже если хорошее вам эмитент интересен или что подсунул на стол
56|19.03.2020 19:49:39|Harry Lime|Вино хорошее
57|19.03.2020 19:49:50|Дмитрий Адамидов|Все плохо
58|19.03.2020 19:49:50|Aleksandr|Все. Миссия выполнена.
60|19.03.2020 19:50:18|Дмитрий Адамидов|Нормальное как по мне
62|19.03.2020 19:51:10|DIM|Неплохо, так они эти игрушки накой притащили то подарки детям инвесторов
63|19.03.2020 19:51:33|Дмитрий Адамидов|Не ну как  продукция
64|19.03.2020 19:51:36|Harry Lime|Все проблемы алкогольного ритейла имеют место быть. Серьезные затраты по аренде , растущая конкуренция , падение продаж и тд и тп .
65|19.03.2020 19:51:45|Дмитрий Адамидов|Понятно, спасибо
66|19.03.2020 19:52:07|DIM|Спасибо 
67|19.03.2020 19:52:21|Andrey Belous|Считаете у таких компаний есть возможность конкурировать с более крупными
68|19.03.2020 19:53:58|Harry Lime|Главная проблема  слабая масштабируемость , можете упрекнуть меня в необ,ективности , но им не нужна большая сеть , Ломастер , который перевел всех випов на один офис сделал гораздо правильнее
71|19.03.2020 19:57:29|Andrey Belous|Сам стараюсь покупать вино в мелкосерийных магазинах. Да, у них есть варианты, которые не найдёшь в массмаркете, но на постоянке покупаю всё равно в массмаркете со скидками.
72|19.03.2020 19:57:40|Дмитрий Адамидов|Третий эмитент  Рассвет 
76|19.03.2020 19:58:31|nikolay obraztsov|Только что спрашивал эксперта из Ростест  с 2021 года вступает новый ТР  а это означает новые затраты, сертификация и пр пр. Росалкогольрегулирование не дремлет...
77|19.03.2020 19:58:53|Дмитрий Адамидов|Калуга, Ленболасть
78|19.03.2020 19:59:14|Harry Lime|У них очевидно происпанская специализация , но узок круг ... по бутикам все равно 6070 оборотки  крепыш , своего интересного крепыша особо нет
80|19.03.2020 20:00:18|Дмитрий Адамидов|Выручка 700, ебитда к выручке 30
81|19.03.2020 20:00:44|nikolay obraztsov|Надо спросить какой у них компартмент
82|19.03.2020 20:01:03|Дмитрий Адамидов|Долг маленький но обязательства очень большие
85|19.03.2020 20:02:15|Harry Lime|Так , а первый , я чтото нить упустил
86|19.03.2020 20:02:30|Дмитрий Адамидов|Алкашка же
87|19.03.2020 20:02:46|Андрей|Калужские эмираты
88|19.03.2020 20:02:53|Дмитрий Адамидов|Да
89|19.03.2020 20:03:13|Harry Lime|Альта Вина , Рассвет , а третий 
90|19.03.2020 20:03:28|Антон|Магазин игрушек
91|19.03.2020 20:03:55|Harry Lime|Самое время ...
93|19.03.2020 20:04:29|nikolay obraztsov|Пусть Рассвет расскажет про компартмент, а я расскажу про их перспективу расплатиться 
94|19.03.2020 20:05:04|Harry Lime|А все трое КО
95|19.03.2020 20:05:29|Дмитрий Адамидов|Третий БО
97|19.03.2020 20:05:57|Rodan|а кто будет организатором размещений или пока не понятно
98|19.03.2020 20:06:08|Harry Lime|Так Бондибокс же
99|19.03.2020 20:06:57|Rodan|пропустил наверное. спасибо
100|19.03.2020 20:07:21|Harry Lime|Не , я увидел Павла и предположил
101|19.03.2020 20:09:40|Дмитрий Адамидов|Он и будет
102|19.03.2020 20:14:47|Rodan|У КО будет минимальный порог входа
103|19.03.2020 20:17:19|Дмитрий Адамидов|Не будет
104|19.03.2020 20:17:29|Harry Lime|Нет , просто менеджмент
105|19.03.2020 20:17:37|Дмитрий Адамидов|Павел говорит. И в Стрим будет без комиссии
108|19.03.2020 20:18:25|Harry Lime|Ну вроде и то и то алкоголь , на этом общее кончается в бизнесе Белуги и Альта Вины
109|19.03.2020 20:21:51|Alexey Vishnyakov|Конторы выходят на рынок в трудное время. Хватит ли месяца, чтоб ситуация успокоилась и они смогли разместиться
110|19.03.2020 20:21:59|Denis Ipatov|Газетные заголовки О возможных перебоях в поставке импортного алкоголя сообщил источник газеты Коммерсантъ в ресторанной отрасли
111|19.03.2020 20:23:16|Harry Lime|Я мечтаю , чтобы начались перебои , а лучше вообще ввели сухой закон , хоть заработаем нормально
113|19.03.2020 20:24:05|Denis Ipatov|винный погреб уже забит до отказа
114|19.03.2020 20:24:56|Harry Lime|Да нет продаж в мартеапреле , мертвый сезонище , выгнать оленей очищать полки  бесценно
117|19.03.2020 21:46:03|Евгений Коломна|Классно отдыхаете но для меня насущный вопрос  потянет ли Станция осенью оферту в свете коронаапокалипсиса
118|19.03.2020 21:56:59|Даниил Иванов|Спросите ответ у ximicat , ему дали развернтый ответ. Его тоже это интересовало
119|19.03.2020 22:08:33|Andrew|Вообще вопрос большой как все эмитенты пройдут свои годовые оферты
120|19.03.2020 22:14:01|DIM|Жаль не dji mini
121|19.03.2020 22:17:51|Евгений Коломна|По аналогии с Каскадом накинут 2 процентика поди а так вопрос про оферту скорее риторический
122|19.03.2020 22:19:04|Harry Lime|Можно высчитать , сколько прошло ниже номинала за эти дни  это потенциал приноса по БО
123|19.03.2020 22:20:32|Alexey Vishnyakov|Каскад во вторник и среду раздавали по 80  85. Грех не сдать в августе.
124|19.03.2020 22:22:36|Евгений Коломна|Так они неделю назад КО хотели досрочно гасить, но резко передумали. Неужели на август денежки приберечь хотят
125|19.03.2020 22:26:37|Евгений|Надо полагать, решили сделать предоплаты в валюте. Долги в рублях, запасы в валюте, вполне разумно
126|19.03.2020 23:21:14|Евгений|Неделю назад ещё можно было успеть. Да и сейчас тоже может оказаться дёшево...
127|19.03.2020 23:29:49|Антон|uniscapital Артём, доброго времени суток. Подскажите пожалуйста, как себя чувствует ваш эмитент ПЮДМ Нет ли у вас предварительных цифр по итогам прошлого года или иная, более свежая информация И ещё, как последние события на рынках повлияли/могут повлиять на эмитента
128|19.03.2020 23:32:45|Dmitry Manzor|Что касается трейдера на рынке золота  ПЮДМ  благоприятная конъюнктура с растущим трендом позволила компании сформировать высокую прибыль по итогам прошедшего года. В текущей же ситуации, на фоне заметного снижения цен на золото, есть основания прогнозировать активное развитие и рост спроса на металл со стороны институциональных игроков.
129|19.03.2020 23:33:47|Антон|То есть всё великолепно у эмитента
131|20.03.2020 00:15:59|Kirill|3, как у эмиратов
133|20.03.2020 01:27:29|Anna Savenko|Поясните, для чего происходит внесение безвозмездной финансовой помощи учредителем эмитенту 50 млн.рублей в Кармани 13 марта
134|20.03.2020 01:27:59|nikolay obraztsov|Это весьма печально... Ибо если рядом АЧС а это не Красноярск совсем, это центральный район то не смогут продавать... Но могу отдельно у совсем спецов узнать...
135|20.03.2020 05:01:05|Артем|Доброе утро Вам, собственно, ответили нашей цитатой эмитент чувствует себя хорошо. Предварительными итогами года пока поделиться не могу. Дождемся официального раскрытия отчетности, ждать уже совсем недолго осталось.
137|20.03.2020 07:06:14|Harry Lime|Докапитализация , это хорошо , там сильные акционеры
138|20.03.2020 07:17:05|Anna Savenko|А с какой целью производятся такие докапитализации У эмитента не хватает собственных дс для выплат
139|20.03.2020 07:20:17|Aleksandr|Бывает что и бизнес начал расти
140|20.03.2020 07:27:22|Harry Lime|Эээ , ну эмитенты они не только выплачивают, бывает еще и выдают займы , ну это так между делом , между купонами
141|20.03.2020 07:32:13|Руслан|Чуток недопонял,почему цб должен выплатить правительству 2 трлн,если цб продаёт сбер
142|20.03.2020 07:41:25|Evgeniy Averchenkov|Часть доходов если не большую цб передаёт в казну
144|20.03.2020 07:42:38|Руслан|В виде налоговых отчислений
145|20.03.2020 07:50:33|Evgeniy Averchenkov|Федеральный закон о ЦБ. После уплаты налогов перечисляет 75
146|20.03.2020 07:51:02|Руслан|А ,ясно теперь,загуглил. По ФЗ цб, платит 75 от полученной прибыли
149|20.03.2020 07:56:52|Andrey Belous|Прибыль годовая или со сделки
150|20.03.2020 08:00:39|Руслан|По итогам года от чистой прибыли
151|20.03.2020 08:11:06|Anna Savenko|Это понятно, спасибо
153|20.03.2020 08:24:59|Alex|У быстрорастущих компаний всегда проблема с денежным потоком. Представьте, что нужно выдавать займы каждый день, а денег на это не хватает, поскольку предыдущие земщики еще не вернули долг. Поэтому дополнительно в компанию вливают небольшие суммы. Можно не вливать, прекратить выдачу, это затормозит рост. А у нерастущую мфо начинает накапливаться просрочка, и ее становится видно т.к. не компенсируется ростом портфеля
154|20.03.2020 08:29:39|Alexi|Простая аналогия. Представьте, что Ваше депо растёт не за счёт получаемой прибыли, а за счёт постоянных пополнений. Это хорошо до тех пор пока деньги для пополнений не кончатся
155|20.03.2020 09:19:11|Артём Саратикян|Друзья, коллеги, доброе утро Позвольте я прокомментирую докапитализацию, чтобы всем все стало понятно В отличие от обычной компании, МФК должны соблюдать нормативы, один из нихэто норматив достаточности собственных средств, который должен быть не менее 6 от активов В ситуации, когда активы растут, капитал должен также расти Бизнес КарМани растёт на 50 год к году и прибыль, которую мы зарабатываем, не успевает за ростом в 2019 году она составила 145 млн, за первый квартал 2020 года планируем заработать около 100 млн. Более того на капитал также оказывает влияние ПДН, предельная долговая нагрузка, которую ЦБ ввёл в сентябре 2019 года, что также уменьшает капитал, так как мы создаём дополнительные резервы В ситуации, когда мы видим, что бизнес растёт и нам это более чем выгодно, нам конечно лучше пополнить капитал, чем сокращать объём роста Для кредиторов это конечно плюс, так как наш бизнес инвестирует не только их деньги, но и собственные Кстати, ПДН также увеличивает потребность в капитале и, поверьте, это также страхует дополнительно кредиторов, так как увеличивает пропорцию капитала в пассивах Да и контроль со стороны ЦБ также увеличивает надёжность кредиторов, ведь одной из основных задач ЦБ является зашита кредиторов
157|20.03.2020 09:21:24|Виталий|Аж купить захотелось... на кэша нет
158|20.03.2020 09:25:00|Andrey Belous|Кармани у меня много, докупал на просадке, в компанию верю, но стандартный вопрос, чтобы остальные паникёры успокоились  как на вас влияет кризисы, коронавирус, если влияет вообще и как собираетесь проходить эти сложные времена
159|20.03.2020 09:43:54|Rodan|Точно будет просрочки увеличение. Какие резервы закладываете
160|20.03.2020 09:44:49|Артём Саратикян|Андрей, спасибо за доверие Не буду повторять то, что Антон Зиновьев, основатель КарМани, вчера прокомментировал по этому поводу в прессрелизе https//carmoney.ru/okompanii/smionas/obrashchenieantonazinoveva/
164|20.03.2020 09:49:42|aleksey|Концерн Калашников тоже сейчас ВДО и даже думаю относительно живое но оферта через месяц  вряд ли сохранят ставку условно 13 процентов с другой стороны а куда им теперь  вот в раздумьях прикупить для диверсификации  все же завод
165|20.03.2020 09:53:25|Harry Lime|Я закупился в среду по кризисным ценам , это имхо лучшее , чем могут помочь компании облигационеры
166|20.03.2020 09:55:15|DIM|Там чуть в деталях на её канале эта ситуация расписана, понял ток, что физически у руля люди остаются те же
167|20.03.2020 09:56:04|Артём Саратикян|Отлично, спасибо большое, что поддержали А также поздравляю с хорошей инвестицией
168|20.03.2020 10:11:03|Andrey Belous|Сегодня многие должны к номиналу вернуться по идее
169|20.03.2020 10:13:52|Dmitry Manzor|Не так быстро не бывает
170|20.03.2020 10:24:12|Andrey Belous|На продажу просто уже не будет ниже номинала. Сегодня походу будет второй день боли для паникёров. Первый, когда сливали с убытком, а теперь увидят плюс
171|20.03.2020 10:25:11|Harry Lime|Портфель мечты собран , не без боли , но куда деваться
172|20.03.2020 10:25:54|Andrey Belous|Аналогично. Теперь надо в какието другие сектора рынка уходить походу.
173|20.03.2020 10:26:34|Harry Lime|Главная бесценная информация . Мы узнали кто как падает . Дальше каждый сделает свои выводы.
174|20.03.2020 10:27:06|Andrey Belous|И для организаторов кстати будет полезной эта информация.
175|20.03.2020 10:27:27|Harry Lime|Кто как растет все были в курсе
176|20.03.2020 10:29:25|Pavel Bilenko|что за вопрос
177|20.03.2020 10:29:49|Andrey Belous|А откуда начинают бежать
181|20.03.2020 10:43:19|Aleksandr|Да , можно забывать.Я купил РитейлБФ01
182|20.03.2020 10:55:03|Rodan|Пока нет воеросов. Ждём скриптов.
185|20.03.2020 10:56:05|Andrey Belous|Но продавать некому
186|20.03.2020 10:56:10|Serg|Когда раскрытие информации 
187|20.03.2020 10:56:48|Soa|Ох рисковый
188|20.03.2020 10:57:16|Harry Lime|На следующей встрече летом
189|20.03.2020 10:57:18|Aleksandr|Ой , ну не больше риска чем на нашей мусорной свалке
190|20.03.2020 10:57:49|Serg|
191|20.03.2020 11:01:47|Alexey Vishnyakov|Ничего себе  только глянул, а портфель. Всего  1
195|20.03.2020 11:09:11|Alex S|думается мне, что будет еще возможность и сходим еще на низы Vобразные развороты в трейдинге не частая штука.
196|20.03.2020 11:10:19|Алексей ayaye :)|вчера еще страшно было  вот сэр гарри не бояка, самое вкусное собрал
197|20.03.2020 11:19:36|Denis Ipatov|просто Гарика из позы пытались выбить
198|20.03.2020 11:19:37|Denis Ipatov| Каскад1Р01 по 81.01 продавец Облигации  Доходность 98.16  Купон 16.00  38  один месяц и 25 дней  Чистый 14.25  6.00  RUONIA 5.88  В обращении 7 месяцев и 3 дня 20  До оферты 4 месяца и 25 дней
199|20.03.2020 11:19:42|Rodan|будет ниже еще
200|20.03.2020 11:21:31|Harry Lime|Тоже так думаю , поэтому укрепил портфель согласно своему разумению
201|20.03.2020 11:21:58|Rostislav Smirnov|Интересно, каков процент тех кто вчера продавал, сегодня скупает назад
202|20.03.2020 11:24:18|Алексей ayaye :)|именно вчера не, вчера продавать уже не хотелось. стадия принятия наступила 
203|20.03.2020 11:29:31|Alexander|Затишье перед бурей
204|20.03.2020 11:33:26|DIM|Это да, я рад что меньше года в вдо но смог не пойти на поводу толпы продавать срочносливки конечно не снимал затаривая все и вся да подешевле, но капитал сохранил самое главное
205|20.03.2020 11:34:08|Denis Ipatov|Никакое разумение не заставило бы включить в портфель Ссудного дня Брайтфит. Верно А ведь там всю неделю бид как всегда спокойно стоял на 99.80.
206|20.03.2020 11:34:11|Andrey Belous|Будет падение, докупимся ещё. Я только за
207|20.03.2020 11:35:33|Adviser|Ещё одного через полторы недели не избежать. Но развязка близка 
208|20.03.2020 11:37:19|Denis Ipatov|Априори Брайтфит счтался аутсайдером. Проливы выявляют их постериори.
209|20.03.2020 11:38:15|Oleg Egorov|Молния не ударяет в низины с
210|20.03.2020 11:50:31|Максим Воробьев|Илья, за идею с амортизацией  спасибо. 
212|20.03.2020 11:56:48|Alexey Vishnyakov|Жаль только, что не оценил глубины  набрал на прошлой неделе ультру и дядю 2 по 100. На этой неделе можно было купить гораздо дешевле
213|20.03.2020 12:07:31|Dmitry Manzor|Я бэлти брал по 100, а он на днях был по 85 это рынок. Тут всякое бывает
215|20.03.2020 12:13:36|Владимир Парцей|https//t.me/RuBonds/203
216|20.03.2020 12:27:44|Alex|Да не буду я на твой канал подписываться, надоел
218|20.03.2020 12:42:27|Harry Lime|Думаю все сделали выводы из произошедшего на неделе , расслабляться тоже рано
219|20.03.2020 12:43:54|Дмитрий Дудко|Может быть дохлый кошак 
220|20.03.2020 12:44:36|Roman Roman|Главное чтоб банкротств не было
221|20.03.2020 12:45:25|Дмитрий Дудко|Рестораны уже кашляют чутка
222|20.03.2020 12:47:54|Rodan|Нет фундаментала расти вверх. Это очередная замануха  вынос шортистов
224|20.03.2020 12:48:37|ОлегЕ.|и набор новых плечевиков
225|20.03.2020 12:49:05|Rodan|Поэтому я на первом обвале не покупал вообще.. хотя руки чесались 
226|20.03.2020 12:49:14|godspeed|на вдо дают плечи
227|20.03.2020 12:49:47|Andrey Hohrin|плечи  нет, по шее  возможно
228|20.03.2020 12:50:15|Алексей ayaye :)|и стекла могут побить 
229|20.03.2020 12:50:22|ОлегЕ.|и шортить тоже не дают.
230|20.03.2020 12:51:03|Andrey Hohrin|мы даже хотели офис перевести с 23 на 60 этаж на днях
231|20.03.2020 12:52:01|ОлегЕ.|ничего, скоро будут ВДОшники с квадрокоптерами
232|20.03.2020 12:52:28|Harry Lime|Сейчас модный анекдот про трейдера , который выпал с 50 го этажа , но потом таки отскочил до третьего
233|20.03.2020 12:52:54|Alex Petroff|Улучшив свою позицию на 3 этажа.
234|20.03.2020 12:54:07|ОлегЕ.|если так тудасюда прыгать  пристрелят в итоге, как того Петровича на пожаре
235|20.03.2020 12:55:56|Алексей ayaye :)|главное, чтоб не по сценарию две башни 
236|20.03.2020 12:56:55|ОлегЕ.|это если только Боинг обратится в ВДО
237|20.03.2020 12:59:39|Andrey Hohrin|тогда нам не скрыться
239|20.03.2020 13:31:18|Denis Kozlov Septem|ЦБ сохранил ключевую ставку
240|20.03.2020 13:31:33|Andrey Hohrin|да... бум монетаризма
241|20.03.2020 13:32:08|Alexey|В текущих условиях считаем что это равнозначно снижению
242|20.03.2020 13:32:32|Denis Kozlov Septem|ЦБ оставил ставку  6. Но так сделали не все развивающиеся страны Южноафриканский ЦБ резко снизил ключевую ставку  сразу на 1 до 5,25 годовых. Украина  10,0 1 Турция  9,75 1 Бразилия  3,75 0,5 Филиппины  3,25 0,5 Индонезия  4,5 0,25 Национальный Банк Казахстана повысил ставку до 12 2,75 banksta
243|20.03.2020 13:32:41|Denis Kozlov Septem|Все вниз. Наши тоже могли бы
244|20.03.2020 13:33:36|Alex S|нерезы сбежать могут, видать решили дальше посмотреть что как будет
245|20.03.2020 13:34:30|Дмитрий Адамидов|Говорил же  оставят
246|20.03.2020 13:35:45|Andrey Hohrin|вообще  сохранять ставку  ошибка
247|20.03.2020 13:35:59|Andrey Belous|Солидарен
248|20.03.2020 13:36:34|Stock Exchange|в чём ошибка
249|20.03.2020 13:36:38|Twitterchat2|В чем ошибка, очень верное решение
250|20.03.2020 13:37:03|Andrey Hohrin|сигнал остаткам иностранных денег валите отсюда
251|20.03.2020 13:37:58|Alex S|не очень понятно
252|20.03.2020 13:38:47|Aleksandr|Соа всех предупреждал 
253|20.03.2020 13:44:47|Дмитрий Адамидов|Им в нулевую ставку валить
256|20.03.2020 13:46:38|Alex S|они еще даже вроде как из офз не вылезли, там чето 1.5 чтоли вышло
257|20.03.2020 13:47:18|Zeev|Как ты выйдешь при таком курсе
258|20.03.2020 13:47:44|Дмитрий Адамидов|Так и зачем
261|20.03.2020 13:48:56|Alex S|вот и я недогоняю, Андрей, расскажите что мы не знаем/не понимаем
262|20.03.2020 13:49:00|Дмитрий Адамидов|По 61 вошёл по 80 вышел  никакие проценты это не покроют
263|20.03.2020 13:50:06|Zeev|Ну, если 4 года отсидели, может быть в 0 выйдут
265|20.03.2020 13:52:48|Alex S|на панике из офз выскакивали как и везде. ничего там не закладывалось
266|20.03.2020 13:53:49|Harry Lime|Ну нормальные то игроки хеджируются по валютному риску
270|20.03.2020 13:55:29|Дмитрий Адамидов|Хедж сожрёт всю прибыль
273|20.03.2020 13:56:31|Zeev|Помоему на канале Harry я видел расчёт хеджирования. Там не остаётся маржи
274|20.03.2020 13:57:09|Harry Lime|Не было такого , но опциками думаю можно недорого прикрыться
275|20.03.2020 13:57:36|Дмитрий Адамидов|Можно было Сейчас уже недорого не получится
277|20.03.2020 13:58:32|Harry Lime|Так воистину говорят что в январе Бриджвотер сожрал весь выпуск целиком , при курсе 61 пут на 75 ничего ему не стоил
278|20.03.2020 13:59:00|Дмитрий Адамидов|Ну так и зачем ему куда то бегать
279|20.03.2020 13:59:23|Harry Lime|Так Рэй я думаю один из немногих , кто кайфует
280|20.03.2020 14:01:03|Дмитрий Адамидов|Так и остальным стоит расслабиться. Теперь проиграет та валюта где будет быстрее эмиссия
283|20.03.2020 14:02:16|Andrey Hohrin|челночный бег в мешках, имхо
284|20.03.2020 14:02:23|Дмитрий Адамидов|Да
285|20.03.2020 14:02:26|Zeev|Вот так хорошо заканчивать рассказ
286|20.03.2020 14:02:39|Alex S|есть у нас один конкурент  правда он не очень надежный
289|20.03.2020 14:04:34|Дмитрий Адамидов|Пока МВФ их рефинансирует хохлы вне конкуренции. Как Мечел в свое время 
291|20.03.2020 14:06:05|Alex S|ну вот щас надо смотреть что мвф еще будет делать и кого рефинансирует. ему щас тоже головняков подкинули
292|20.03.2020 14:06:31|Дмитрий Адамидов|МВФ  это политика
295|20.03.2020 14:07:36|Alexey V. L.|Со свопами нерезидентам не нужен хедж. Они выйдут по тому же курсу, что и зашли. 8 купон перекрывает расходы на своп пусть 6. Остаётся ещё 2 профита и на снижении ставки по телу ещё 10. Итого 12. С плечом это может быть уже 243648, при расходах на фондирование 1. И чего им кудато срочно убегать с такими условиями
296|20.03.2020 14:08:03|Дмитрий Адамидов|Ну или так конечно незачем
299|20.03.2020 15:04:06|Lizardking0808|Дэни у всех выкупили 60 от заявки
300|20.03.2020 15:08:29|Светлана|Интересно, можно ли создать портфель, аля внесезон как у Рея, только на российском рынке без фьючей и опционов, используя только относительно консервативные инструменты для вновь прибывших на биржу ВДО всех видов с фикс ставкой и без, с амортом и без корпораты так же всех видов ОФЗ тоже и доллары в виде кеша и еврооблиг всех видов Кто из кого этих бумаг кому будет хейджем в эти четыре сезона 1экономика растёт быстрее чем ожидалось 2уровень инфляции выше чем ожидалось 3экономика медленнее ожидаемого4инфляция ниже ожиданий Предполагаю что ответ на это будет как раз тем самым решением для привлечения большего количества людей, которые будут вливаться на рынок спокойно и надолго. А то что получили сейчас Много новичков влетело в рынок  слило денег большую часть денег, убежав с остатками за гречебумагой, радуя кратковременным всплеском прибыли часть профессиональных игроков и теперь... может есть кто способен взглянуть чуть дальше сегодняшнего зелененького плюсика ...или песочница для других целей
301|20.03.2020 15:11:18|Harry Lime|Можно ,но остаюсь с мыслью , что ВДО многим инвесторам не подходят в принципе , истории с пассивным инвестированием в стиле спиринского портфеля лежебоки для новичков гораздо лучше .
303|20.03.2020 15:24:57|Алексей ayaye :)|в этом марте в вдо было сложно слить больше 20, акции покарали сильнее
304|20.03.2020 15:27:38|Ilya|Где то так
305|20.03.2020 15:33:56|Andre|
306|20.03.2020 15:53:00|Дмитрий Адамидов|А почему 60
308|20.03.2020 15:55:15|Lizardking0808|Хороший вопрос. Самому интересно, почему
309|20.03.2020 15:55:37|Дмитрий Адамидов|Я то в цену не попал
310|20.03.2020 15:57:06|Harry Lime|Сколько ставил если не секрет
311|20.03.2020 15:57:08|Lizardking0808|Читал на дискложе, признаков аллокации в условиях выкупа не нашёл
312|20.03.2020 15:57:43|Дмитрий Адамидов|100
313|20.03.2020 15:59:19|Harry Lime|Так и надо , кстати без шуток Дэни и ПКБ весьма стабильно себя показали . То есть кризис уже не добавляет проблемному бонду несчастья .
314|20.03.2020 16:00:51|Lizardking0808|Пкб просто скала, эти две недели островок стабильности
315|20.03.2020 16:01:43|Harry Lime|Не цена красит бонд , а ее стабильность. Ну и стакан .
316|20.03.2020 16:02:21|DIM|Соглашусь, почти месяц в феврале был в отпуске а вернувшись увидел первые весточки изменений и посадок в вдо, если бы немного хотя бы не понимал в том, что покупал, мог бы допустить ошибочные действия, а так, пока не зафиксирован убыток мы ничего не теряем, да и вообще хотя бы раз в день как по мне стоит просматривать на ситуацией на фонде, что происходит, времени не много занимает, но позволяет держать тебя в тонусе происходящего, особенно когда такое как щас происходит, когда фин отчётность эмитентов надо внимательнее смотреть
317|20.03.2020 16:03:08|Lizardking0808|Это точно, когда были сильные движения на рынке, смело брал пкб , точно знал, что завтра его можно сдать по нормальной цене
318|20.03.2020 16:03:51|Harry Lime|Посадки в ВДО еще будут , не одному БЕСу за всех чалиться
319|20.03.2020 16:04:22|DIM|Сильно, у меня наоборот до 15 расширились, двое добавилось то, что хотел когда то купить, но не дали на первичке
320|20.03.2020 16:05:24|Harry Lime|Я не хочу дурные пророчества давать , но эра апсайдов имхо закончилась , это нормально
321|20.03.2020 16:05:27|DIM|Ну то, что будут это понятно, я лично не надеюсь особо, что в номинал многие вдо выйдут до конца года, ну может как минимум до осени точно
322|20.03.2020 16:06:08|Harry Lime|Номиналов тоже пересажают
323|20.03.2020 16:06:17|DIM|Ну зато на пролива будет возможность заработать, просто в другую сторону, главное вовремя заходить и выходить
324|20.03.2020 16:07:07|Alex S|настала эра кто доживет до погашения 
325|20.03.2020 16:08:45|Harry Lime|Должен остаться только один. с Горец
326|20.03.2020 16:09:26|DIM|Спорное утверждение, доживут ли
327|20.03.2020 16:11:51|Дмитрий Адамидов|Может как раз надо было по 88
328|20.03.2020 16:14:35|Viacheslav Petriaev|Тоже 100 указывал. Кто указал 88 то. Не пой у. Вообще 103
329|20.03.2020 16:15:32|Алексей ayaye :)|интересно, а как там в КО последнюю неделю, очень страшно 
331|20.03.2020 16:22:21|Reincarnation Man|у трусов был целый год, чтобы выйти. Поэтому их в этой бумаге не осталось 
332|20.03.2020 16:31:04|Alexey Vishnyakov|А мне, вообщем то, в ВДО понравилось. Максимум по портфелю было  8,5. При этом из этих 8,5 один процент в пике давали акции мосбиржи. В акциях у меня в августе  сентябре 2018 минус был гораздо больше
333|20.03.2020 16:31:51|15824|8,5 за вдо
335|20.03.2020 16:34:19|Alexey Vishnyakov|За весь рублёвый портфель. Который почти весь  вдо
336|20.03.2020 16:41:07|DIM|Видать вдо у вас не сильно просели, у меня в пике чисто по вдо около  9,5 
337|20.03.2020 16:45:22|Alexey Vishnyakov|Ну  у меня практически небыло Иволги. Хотя капля лизинг трейда провалилась, что то до 75. А остальные... Антирекорды ставили кэс и каскад. Такого себе даже мфо не позволяли.
338|20.03.2020 16:47:04|Евгений Коломна|не страшно нет стакана  нет причин бояться
339|20.03.2020 16:47:37|Alexey Vishnyakov|
340|20.03.2020 16:49:37|Harry Lime|У МФО есть три козыря , месячные купоны , отсутствие оферт  кроме Кармани , но кто держит Кармани и так в теме , и аморты .
341|20.03.2020 16:52:26|Lizardking0808|Слоны, сделок по выкупу было очень мало
342|20.03.2020 16:53:30|Alexey Vishnyakov|Да у меня кроме кармани, в большом количестве в 2 выпусках и бд ничего не осталось. Миг отдал страждущим по 106 в январе. Ом ещё раньше
343|20.03.2020 16:54:26|Harry Lime|Я Миг продал в январе по 108,3 , в среду вернул удвоенную позицию по 90,5
345|20.03.2020 16:59:23|Alexey Vishnyakov| Я налегал на эбис по 90. Такси взял тоже по 90. Кармани 3. Купил дядю денера и ультру. Но их по 100.
346|20.03.2020 16:59:52|Savel|Считаете, у него не буит дефолта А как же рост невозвратов
347|20.03.2020 17:00:51|Harry Lime|Рекомендую присмотреться к ОФЗ
348|20.03.2020 17:01:40|Savel|Это другая крайность
349|20.03.2020 17:02:10|Harry Lime|Риски понятны , но доха 25 была
350|20.03.2020 17:02:49|Savel|Ну это да...
351|20.03.2020 17:03:25|Harry Lime|Так и живем между страхом и жадностью
352|20.03.2020 17:03:50|Denis|
353|20.03.2020 17:05:02|Alexey Vishnyakov|Гарри, cbom будут выкупать по желанию
354|20.03.2020 17:05:37|Ivan Ivanov|Присоединяюсь к вопросу
355|20.03.2020 17:06:31|Harry Lime|Там аукцион по цене и это для очень больших держателей , поэтому цена договорная . Обозначили нижнюю планку.
356|20.03.2020 17:07:39|Ivan Ivanov|Спасибо за разъяснение
357|20.03.2020 17:13:41|Dmitry Manzor|Мне тоже ВДО нравится, но чертов рубалек портит нам доху, превращая наши бумажки в фантики
359|20.03.2020 17:15:17|Andrey Belous|Добро пожаловать в Россию
360|20.03.2020 17:16:51|Evgeniia Bushunova|Дядя Денер, кстати, при плохом развитии ситуации с вирусом может и пострадать.. С ним надо поаккуратнее
361|20.03.2020 17:19:27|Alexander G|Шаурму перестанут рубать думаете  На одной гречке
362|20.03.2020 17:19:52|Aleksandr|Запретят рубать
363|20.03.2020 17:20:15|Alexander G|Шаурма с гречей новая реальность
364|20.03.2020 17:24:19|Evgeniia Bushunova|Думаю если на карантин всех посадят, будет тяжеловато..
365|20.03.2020 17:32:06|Евгений Коломна|При карантине шаурму Дяди потребителям будет развозить Таксовичкоф
367|20.03.2020 17:37:14|Alexey Vishnyakov|При плохом развитии всем будет плохо.
368|20.03.2020 17:37:19|Евгений Коломна|ООО Онлайн микрофинанс полностью разместило второй выпуск облигаций.
369|20.03.2020 17:41:19|Harry Lime|А вы говорили Пионер размещает в любой день по 50 к. Тут настоящее искусство.
370|20.03.2020 17:41:52|Оксана|Встреча открытая или закрытая
371|20.03.2020 17:42:06|Harry Lime|Всегда открытые
373|20.03.2020 17:42:55|Оксана|Ок. Будем ждать информации и по возможности следить/присутствовать
374|20.03.2020 17:47:48|Alexander|Прямо совсем открытая Простым физикам можно прийти послушать умных людей 
375|20.03.2020 17:48:17|Harry Lime|А я не знаю , чего вы не приходите , в канале всегда даю ананс за деньдва
378|20.03.2020 17:53:02|DIM|Сегодня к концу дня смотрю немного просели наши вдо, обычно по вечерам более позитивно заакрывалиссь торги, хотя ещё чуть меньше часа есть, но в целом по сравнению с утром просадка на 0,5 есть
379|20.03.2020 17:53:17|Denis Kozlov Septem|Презентация СпецИнвестЛизинга была доступна
380|20.03.2020 17:53:57|Igor Sugrobov|Прошло мимо
381|20.03.2020 17:54:04|Harry Lime|Не видел , с купоном 10,5 както не очень хочется возиться
382|20.03.2020 17:54:35|DIM|Да уже откат пошёл, те кто дёшево по 80 купил ща решил продать по 9599
383|20.03.2020 17:54:46|Aleksandr|Смелые фиксят прибыль
384|20.03.2020 17:54:54|Alexey Vishnyakov|Осенью даже был большой юбилейный форум в Москве.
385|20.03.2020 17:54:55|Harry Lime|Это будет давить на рынок еще не один месяц
386|20.03.2020 17:55:04|Denis Kozlov Septem|У СИЛ организатора нет, частных инвесторов на первичку не звали, в стакане чтото странное. Думаю, включать его в таблицу или нет Похоже на закрытое размещение для своих и не хочу тратить время остальных в таком случае
387|20.03.2020 17:55:11|DIM|Ну да, по всей видимости
388|20.03.2020 17:55:31|Harry Lime|Да нет смысла как мне кажется
389|20.03.2020 17:55:52|Denis Kozlov Septem|Тогда у нас 99 выпусков. Ждем юбиляра  100ый выпуск
390|20.03.2020 17:55:55|DIM|Думаю уровня 95 и выше теперь долго будут болтаться наши вдо, по крайней мере в этом году
391|20.03.2020 17:56:04|Harry Lime|А ОМ2
392|20.03.2020 17:56:17|Denis Kozlov Septem|99ый
395|20.03.2020 17:56:52|Harry Lime|Ждем достойного , 100й точно будет храбрецом
396|20.03.2020 18:00:47|Шура SiberianRanger|Там как раз 13 января ктото хапнул 64 кольев сентябрьских в количестве 42 605 штук. Как раз два с половиной миллиарда рублей хэджануть.
397|20.03.2020 18:01:18|Harry Lime|Бинго
400|20.03.2020 18:24:45|Andrey Belous|Купил по 80 на просадке, продал сегодня по 90  почему нет
401|20.03.2020 18:25:04|Aleksandr|Конечно же да
403|20.03.2020 19:21:33|Denis Kozlov Septem|Хм... Интересный результат
404|20.03.2020 19:23:02|Lizardking0808|Предсказуемый. Почему Написал в друзе
405|20.03.2020 19:32:41|Alexey Vishnyakov|А мне, что то, кажется, что сейчас опек и Россия дровосек, нефть вырастет до 40 и будет большой отскок.
407|20.03.2020 19:37:30|Andrey Belous|Не все ожидали такой сильной просадки и готовность сливать ниже 90 удивила. Отсюда и опасения, ибо сегмент только формируется и многое ещё неизвестно. ИМХО
408|20.03.2020 19:42:41|Sergey eSKon|Честно говоря, тут так часто всем намекают про риски, что все уже должны чувствовать себя крутыми рисковыми парнями и отказаться от слива при любых ситуациях 
409|20.03.2020 19:43:46|Алексей ayaye :)|да, а еще надо своё коллекторское бюро. с рогатками
410|20.03.2020 19:48:24|Александр Нечаев|Так слишком быстро все. Быстро упали  отскочили. Быстро поднялись  припадем. А то уже пошли разговоры о номинала.
411|20.03.2020 19:49:15|Andrey Belous|Говорить одно, а увидеть в квиках  другое. Хотя по большей части наверно спекуляции просадили ВДО
412|20.03.2020 19:49:39|Шура SiberianRanger|Первичка 20 марта
414|20.03.2020 20:02:02|Alexey Vishnyakov|Да  я тоже был неприятно удивлён. Во вторник много хороших бумаг просто лили в пол по 80. Теряли 20 и все равно лили. Не могу этого объяснить. Брали то из за купонов  купоны платятя. Даже если конторе станет плохо от всей ситуации, то не за месяц и не за 2. Зачем прямо так сразу сливать.
415|20.03.2020 20:04:24|Rodan|1. Маржинколлы 2. Переток в акции 3. Нервы 
416|20.03.2020 20:05:26|Vitaliy Klimenko|Кмк, даже если шоков не будет, то и на номиналы ничего не вернется, будет болтаться 9599. Апсайдов тоже не будет. Нужно ответить себе на вопрос, а ты готов это покупать Тем кто недавно в рынке и обжегся  отбило желание покупать вдо, отмороженным спекулям  маловата доха.
417|20.03.2020 20:06:02|Andrey Belous|Спекуляции же. Не
418|20.03.2020 20:07:10|Rodan|не понял, в чем смысл спекуляции продавать по 80
419|20.03.2020 20:09:36|Adviser|Надо смотреть не на цены, а на доходности. На этой неделе были случаи, когда выгодно было когото продать по 80 и купить другого за 90...
420|20.03.2020 20:13:33|Viacheslav Petriaev|У Дэна нынче карантин видимо, не купил себе пионера на первичке
421|20.03.2020 20:16:31|Rodan|Наверное и такое было, но мне кажется это мизер из общего объема 
422|20.03.2020 20:18:14|Adviser|Он сопоставим с объемами которые проходили по 80 
423|20.03.2020 20:21:06|Rodan|Это не проверяемое утверждение. Я думаю 80 это маржинколлы по счетам, переход в акции и нервы. Это правда тоже не проверяемое мнение 
424|20.03.2020 20:25:44|Антон|Коллеги, если ктото следит за ценами евробондов и сегодня видели оффера по CBOM24 EUR, нет ли у вас предположений  с чем это было связано  Ктото хотел продать больше сотки лотов по 100, а попозже ктото аж по 98 от номинала на 40 лотов встал в продажу. Голову сломал  зачем и нафига... В евро офигенная доха выходит при цене в 98 то ....
426|20.03.2020 20:41:07|Герман|Может поэтому
428|20.03.2020 20:41:28|Adviser|https//mkb.ru/news/31281
429|20.03.2020 20:41:44|Герман|
430|20.03.2020 20:42:28|Антон|Да, я видел это. Но не получилось связать эти 2 события воедино
431|20.03.2020 20:43:43|Герман|Оферта не по номиналу, а гораздо ниже...
432|20.03.2020 20:46:59|Антон|Владельцев бондов не заставляют же их сдавать. Это добровольная оферта эмитента. Кто хочет  вэлком. МКБ на этой теме нефигово заработает/сэкономит
433|20.03.2020 20:49:46|Герман|Мне кажется вопрос, почему эмитент выкупает настолько низко значит уверен, что принесут по такой цене.
434|20.03.2020 20:58:43|Pavel Panin|Может к тому моменту будет за радость по 80 85 сдать 
435|20.03.2020 21:08:39|Сергей Ч|Покупка в стакане по 91.. держать до погашения хотел бы. Объясните плз новичку в чем выгода сдавать по оферте А кто по номиналу на размещении брал Банк как будто намекает на последний шанс
436|20.03.2020 21:13:07|Harry Lime|Какая бумага 
437|20.03.2020 21:13:38|Сергей Ч|Cbom24
438|20.03.2020 21:15:25|Harry Lime|Там оферта для реально больших держателей , со 100 млн дороже и не выйти
439|20.03.2020 21:17:22|Twitterchat2|Вопрос в том, иногда выгоднее сдать по 7580 с потерей 2025 от номинала и купить акции сделавшие 50
440|20.03.2020 21:18:27|Сергей Ч|Спасибо. Подержу. В usd это уже почти ВДО 
441|20.03.2020 21:20:29|Harry Lime|На рейтинг посмотрите , в рублях это ВДО , в валюте уместнее сказать High Yield
442|20.03.2020 21:23:27|Сергей Ч|Спасибо, изучу.
443|20.03.2020 21:30:47|Andrey Hohrin|И втягиванию в нашу злачную обитель
444|20.03.2020 21:32:53|Rodan|Отличный прямой эфир был Спасибо
445|20.03.2020 21:34:36|Евгений|Например
446|20.03.2020 21:36:12|Rodan|Последний
447|20.03.2020 21:54:41|Алексей ayaye :)|4. сдам сейчас по 100, потом откуплю по 90
448|20.03.2020 22:02:04|Adviser|Одной из хороших сделок была покупка Трейдб на панике по 9698 100
449|20.03.2020 22:10:03|Aleksandr|По оферте сдать планируете
450|20.03.2020 22:15:58|Adviser|Подумаю на выходных
451|20.03.2020 22:16:40|К& Б:))🍷|В среду на сданное купили подешевевшие акции. Сегодня сдали акции 30.
452|20.03.2020 22:17:26|Александр Нечаев|Это какие
453|20.03.2020 22:18:42|К& Б:))🍷|Разные. В основном нефтянка
454|20.03.2020 22:21:00|Rodan|Ты крут Такую чуйку иметь
455|20.03.2020 22:23:46|А что ты сделал для котэ!?|Интересно, вот если узбекская или украинская или белорусская крупная корпорация разместит большой ярдов на 10 заём процентов под 12  это будет считаться ВДО
456|20.03.2020 22:27:43|Alex|Евроторг или укроЖД вполне себе вдо. Но Денис Козлов в табличку такое конечно не включит.
457|20.03.2020 22:31:29|Alexey Vishnyakov|Насколько я помню, Денис всегда делает упор на компании мелкого и среднего бизнеса. И небольшие выпуски. Он долгое время легенду не хотел включать в табличку из за размера
458|20.03.2020 22:31:32|lexresist|Если письмо отображается некорректно или без картинок, нажмите здесь. Уважаемые клиенты Дорогие друзья Многим из нас сегодня кажется привычный ход вещей нарушен. На мой взгляд, важно не забывать ни на минуту скоро все наладится, мир победит и эту болезнь, возникнут новые возможности. История не помнит случаев, чтобы было иначе. Вопрос лишь во времени. Уверен, многие из нас, особенно люди старшего поколения, переживали куда более тяжелые моменты, когда казалось, рассвета не будет. Но он обязательно наступал. Вы знаете это. Я безмерно ценю то доверие, которое вы, наши клиенты, оказываете нам в эти дни. Мы это чувствуем. Я и мои коллеги по всей стране осознаем всю меру ответственности. Мы не вирусологи и не можем спрогнозировать, как будет развиваться пандемия. Здесь мы ориентируемся на рекомендации медиков и действия со стороны органов власти. Как профессионалы в банковском деле, прошедшие испытание не одним экономическим кризисом, мы гарантируем вам выполнение своих обязательств в полном объеме и делаем все необходимое, чтобы обеспечить непрерывную работу банка. Осознанность, финансовая грамотность  то, чем мы делились с вами все эти годы  ключевые факторы, позволяющие мне оставаться уверенным, что мы пройдём и этот период. Мы вместе. И если вы чувствуете, что вам необходима дополнительная поддержка, помните вы можете рассчитывать на нас. Уже сейчас в развитие рекомендаций Центрального банка России ВТБ разработал и утверждает комплекс мер по защите интересов клиентов, пострадавших от распространения пандемии. Каждый клиент, оказавшийся в непростой ситуации изза пандемии, может рассчитывать на индивидуальный подход. Вместе у нас все получится Берегите себя и своих близких. С уважением, Андрей Костин и команда ВТБ      Банк ВТБ ПАО. Генеральная лицензия Банка России  1000. Если Вы хотите отказаться от рассылки по email персональных предложений от ВТБ ПАО, пожалуйста, перейдите по ссылке.
459|20.03.2020 22:32:03|Adviser|Я для себя к вдо отношу все что считаю высокодоходным  Остальные критерии условны...
460|20.03.2020 22:34:37|Aleksandr|И зачем нам это Всем клиентам ВТБ пришло. Каждая сервисная компания уже высказалась.Все письма сюда запостить
461|20.03.2020 22:37:58|lexresist|Ну хорошо, только вам тут писать можно
462|20.03.2020 22:47:31|Aleksandr|Писать можно всем, но про бонды
463|20.03.2020 22:50:36|lexresist|Я сегодня на Дэни 2000 заработал, на спекуляции, стакан был 7576 кому это интересно
464|20.03.2020 22:50:59|Aleksandr|Никому.Как и заветы Костина
465|20.03.2020 22:58:03|ОлегЕ.|КрасаучеГ
466|20.03.2020 23:03:57|Евгений|Я всё таки не понял какая выгода продать по 80 и купить по 90 Поэтому и попросил примеры.
467|20.03.2020 23:09:00|Adviser|Так привел же вам пример... Думал, что вариант по 80 с дохой меньше 100 и вы сами знаете
468|20.03.2020 23:15:59|Pro.Kapital|
469|20.03.2020 23:16:11|Rodan|Когда купон 12 и 16 
470|20.03.2020 23:24:59|К& Б:))🍷|У меня не совсем так получилось. Я не лил облиги в пол. Немного переложился из одних в другие. Где то сократил позу, гдето наоборот добрал. Без фанатизма и паники. С нефтянкой всё довольно понятно было. Сложнее было определиться с точками входа и выхода. Поэтому в среду подбирать не стал, а только в четверг, и то не с утра. Часть взятой в чт позы сдал сегодня, когда пошёл первый откат. По итогу получилось гораздо ниже оптимума  18 вместо 40.
471|20.03.2020 23:29:34|Rodan|тогда не так кучеряво, но в любом случае очень профессионально
472|20.03.2020 23:32:39|Евгений|Я правильно понимаю.. продали бонд с 12 купоном за 80 и купили бонд с 16купоном за 90.. где выгода Если брали по номтналу то при продаже потеряли 20, потом добавили 10 покупая бонд с доходностью на 4
475|20.03.2020 23:34:05|Rodan|в целом так, на мой взгляд не сильная выгода, но народ режет углы где может
476|20.03.2020 23:35:38|Евгений|Да мне кажется при таком расчёте не выгода, а убыток. Возможно конечно чтото пропустил
478|21.03.2020 00:02:34|Dmitry K|Вы забываете про то, что бонд мог быть длиннее года или короче.
479|21.03.2020 00:20:15|Алексей ayaye :)|с учетом налога  меньше, чем на 4. мне нравятся бонды с низким купоном, которые сейчас стоят дешевле номинала. 
480|21.03.2020 01:42:46|Евгений|Вы бы что предпочли не взирая на эмитента ОР за 80 с купоном 12 или БД за 90 с купоном 16
482|21.03.2020 08:30:40|Dmitry K|Гипотетически Я бы возможно предпочел купить по 90 то, у чего оферта вотвот и предъявить по ней бумаги. Потому что доха тогда получается красивая очень, но совершенно не за счет купона.
483|21.03.2020 08:33:54|Алексей ayaye :)|дело за малым найти того, кто продаст такую корову 
484|21.03.2020 08:36:32|Dmitry K|Да тут в чате по кисточкам только недавно обсуждение было вроде как раз на эту тему.
486|21.03.2020 08:37:29|Алексей ayaye :)|и до чего договорились я слышал, на офертах тоже дефолты бывают
487|21.03.2020 08:39:23|Alexey Vishnyakov|Трейдберри по 96 видел. Это, конечно, не 80, но и оферта через неделю.
488|21.03.2020 08:40:22|А что ты сделал для котэ!?|12 11,66 после ндфл / 0.8 14.5 купонной доходности 16 14.5 после ндфл /0 .9  16.1 купоной доходности Именно купонной, потому что мало кто до погашения до держит Разница не столь существенна Это без учета риска эмитента
489|21.03.2020 08:42:17|Alexey Vishnyakov|А вообще  все перекладывания из 80 в 90, это мостурбина либо убыток. Я ничего не продавал. Но докупил довольно много. Цены хорошие были.
490|21.03.2020 08:48:19|Оксана|Подскажите, пж, где Вы такую аналитику делаете
493|21.03.2020 09:45:12|Lizardking0808|У меня прибыль за счёт успешных 3 оферт Дэни. Если бы не переложился в феврале в них из апри, шевч, эбиса, лома, моторов, был бы убыток. веримвдэни
494|21.03.2020 09:53:46|Harry Lime|Один дефолт на оферте на 10 портфеля. И нет дохи за год.
497|21.03.2020 10:34:30|Alexey Vishnyakov|Я в рублях сейчас на 1,6. Долларовый портфель, в пересчёте на рубли в  где то на 3, несмотря даже на снижение смоимости фф до 92,6. Ну и 4 акции боинга сложились в 3 раза.
498|21.03.2020 10:37:39|Шура SiberianRanger|Это табличка в настольном QUIK
499|21.03.2020 10:38:31|Aleksandr|Шура , признайся так же,что это не аналитика
500|21.03.2020 11:41:04|Kirill|От конца февраля  Т.е.  от ликвидная_на_сейчас/балансовая_на_февраль 
501|21.03.2020 11:42:01|Aleksandr|Брокер показывает текущую прибыль То что в прошлом продано уже не посчитать.
502|21.03.2020 11:43:31|Kirill|Если вы про приложение ВТБ, то оно ликвидную стоимость показывает, и разность между текущей ликвидной и балансовой на момент покупки
503|21.03.2020 11:45:18|Aleksandr|Верно.
504|21.03.2020 11:46:28|Kirill|И у них сейчас профилактика, не войти в приложение  Посчитал по балансовой на 25февраля, получилось 2
509|21.03.2020 12:11:13|Александр Шумаков|Народ, Я слышал не раз по чатам, что многие не любят облиги с офертой. Почему
510|21.03.2020 12:11:37|Harry Lime|Подробный ответ выше
511|21.03.2020 12:13:54|Александр Шумаков|Ну, если для дураков. Берем пионера. 4 апреля белки истеричные понесли сдавать облиги, и эмитент не в состоянии их выкупить, но обязан
512|21.03.2020 12:15:15|Sergey Aleshkovich|Нет оферт у Пионера
513|21.03.2020 12:15:55|Алексей ayaye :)|это они специально придумали, чтобы квик доходность высокую показывал 
514|21.03.2020 12:16:05|Александр Шумаков|Я к примеру. Пока я нуб в облигах. И вижу в втб инвестициях , что у пионера оферта каждый месяц
515|21.03.2020 12:16:32|Sergey Aleshkovich|Это глюк, у Пионера нет оферт
516|21.03.2020 12:17:32|Александр Шумаков|Хорошо. Пусть так. Пусть не пионер ..
517|21.03.2020 12:19:21|Harry Lime|Доходность за день до погашения может быть 1000 при цене скажем 99 от номинала . Но в реальности купив за день полсотни бумаг вы не заработаете даже на гамбургер. Всегда считайте профит от оферты в деньгах , за минусом комиссий , я допустим за несколько тысяч даже возиться не стану . Суммы подачи на оферту должны быть имхо существенными . 500 бумаг , а лучше 1000
518|21.03.2020 12:22:09|Александр Шумаков|Ну, мне тут важно понять, чем опасна оферта. Получается, хорошо, у кого ее нет В такую истерию . Иначе хомяки обанкротят эмитента
519|21.03.2020 12:23:08|Harry Lime|Конечно , могут опрокинуть даже 1020 выпуска
520|21.03.2020 12:24:18|Алексей ayaye :)|но тут же и от эмитента зависит  какую ставку предложит, так и принесут
521|21.03.2020 12:24:45|Harry Lime|ДД принесли 92 при 18й ставке
522|21.03.2020 12:25:16|Алексей ayaye :)|это несправедливо 
523|21.03.2020 12:25:57|Kirill|Все ближайшие оферты вписывались когдато в условия выпуска с целью снизить , если все будет хорошо. Теперь уже точно можно сказать, что этот план не состоялся, сейчас все pretty fucking far from OK C.
524|21.03.2020 12:26:00|Harry Lime|Давайте говорить прямо  фрифлаот Каскада 150 млн , я думаю 50100 ему принесут даже при 18й ставке
526|21.03.2020 12:28:47|Алексей ayaye :)|ну это ж еще только в августе будет
527|21.03.2020 12:29:16|Harry Lime|Август в России особенно горяч
528|21.03.2020 12:29:35|Алексей ayaye :)|на фоне нынешнего марта даже представить страшно
529|21.03.2020 12:29:43|Kirill|О нет, только не в августе, опять 
530|21.03.2020 12:30:44|Алексей ayaye :)|а ОМ
531|21.03.2020 12:33:54|Harry Lime|Я думаю весь остаток
532|21.03.2020 12:37:49|Алексей ayaye :)|апокалиптичненько
533|21.03.2020 12:38:51|Harry Lime|Лучше жить без розовых очков
534|21.03.2020 13:38:17|Евгений Коломна|Каскад, грубо говоря, 50 лямом сэкономил, отказавшись от первоначального плана досрочно погашать КО, вряд ли у розницы их большое количество, чтобы на оферту пошло много. Какой никакой, а лучик надежды
535|21.03.2020 13:39:05|Harry Lime|Это было верное решение
536|21.03.2020 13:45:22|Alex|Есть оферты по одному выпуску. Поэтому хитрый план  всосать пионер лизинг по 95 и сдать через пару недель имеет место быть. Может поэтому особо он и не проваливался.
537|21.03.2020 13:47:03|Sergey Aleshkovich|Видимо по первому, я его не смотрел 2 и 3 там КС6.25/6 каждый месяц
538|21.03.2020 13:51:48|Alexey Vishnyakov|В первом оферты каждый месяц. Во втором и третьем оферт нет  но можно купить опцион.
539|21.03.2020 14:45:57|Lizardking0808|Совершенно верно , розовые очки лишний аксессуар в гардеробе вобла. Но и магеддонить не по делу тоже не следует. Idf достаточно серьёзная международная компания, 300 мио рублей для неё не сумма, с офертой в мае проблем не будет
540|21.03.2020 14:53:50|nikolay obraztsov|А какая связь с ММ у них
541|21.03.2020 14:54:21|Lizardking0808|Прямая
542|21.03.2020 15:19:23|Виталий B|Опцион стоит 5 от депо. Нормальный опцион
543|21.03.2020 16:05:27|Alexey Vishnyakov|Никогда не узнавал его стоимость, просто знаю, что можно купить
544|21.03.2020 20:51:09|Оксана|Спасибо, поняла
553|22.03.2020 15:44:04|Alexey V. L.|Наш источник, поделился инсайдом о заседании рабочей группы Государственного совета РФ по противодействию распространения коронавирусной инфекции, которую недавно возглавил Сергей Собянин. Заседание рабочей группы прошло в пятницу 20 марта. Кроме членов рабочей группы, в которую на постоянной основе входят вицепремьеры и министры правительства, в заседании участвовали представители Аппарата Правительства и руководящие чиновники Правительства Москвы. По итогам этого заседания был принят Протокол , который за подписью Сергея Собянина был отправлен в Правительство и российские регионы. Как нам стало известно, в этом протоколе содержатся рекомендации главам регионов, а также поручения членам Правительства. В протоколе 7 разделов. Наш источник сообщил наиболее резонансные решения, которые были приняты на заседании рабочей группы Госсовета.  Минюсту и МВД поручили в кратчайшие сроки представить в Правительство предложения о введение уголовной ответственности, за распространение недостоверной фейковой информации  основной платформой на базе, которой будет выстраиваться коммуникация между главами регионов и Центром по мониторингу ситуации с коронавирусом, выбрана база АНО Диалог  Минфину поручили подготовить решения по отсрочке или реструктуризации долгов субъектов РФ  Минтрансу и Голиковой поручили оперативно создать механизм, который бы вывел изпод действия карантинных мероприятий в регионах  водителей, которые осуществляют грузовые и пассажирские перевозки между регионами  Минпромторгу поручено проработать введение экспортных пошлин или других ограничительных мер в случае попыток увеличения цены или продажи на экспорт социально важной сельхозпродукции  поручено начать проводить тестисследования на наличие коронавируса в лабораториях, имеющих эпидемиологическое заключение на работу с III и IV группами возбудителей такие лаборатории имеются в 14 регионах России  поручено подготовить к использованию коечный фонд Федерального медикобиологического агентства, где должны быть развернуты палаты экстракорпоральной мембранной оксигенации  несколько пунктов Протокола посвящено мерам тотального учета и карантина всех прибывших из государств, где зарегистрированы вспышки коронавируса  рекомендовано всем главам регионов приостановить все досуговые мероприятия граждан, где могут собираться более 50 человек фитнесцентры, бассейны, стадионы, театры, выставочные центры и т.д.  предлагается ограничить на время периода режима повышенной готовности посещение культовых сооружений церкви, мечети, синагоги и т.п., для чего главам субъектов РФ поручено проработать с главами основных религиозных конфессий данное поручение.  усиливается аппаратный вес Анастасии Раковой, которой поручено подготовить рекомендации всем высшим должностным лицам субъектов Российской Федерации.  Минтрансу и МИДу поручено оказывать содействие Пограничной службе ФСБ и МВД при решении вопроса о возвращении граждан стран Содружества независимых государств по месту их пребывания. Уже с понедельника, рекомендации и поручения, закрепленные в этом Протоколе, начнут выполнять в министерствах и регионах.
554|22.03.2020 15:44:25|Alexey V. L.| Минфину поручили подготовить решения по отсрочке или реструктуризации долгов субъектов РФ
555|22.03.2020 15:45:23|Дмитрий Адамидов|А мы то тут причем
557|22.03.2020 15:46:12|Nikolay Surkov|К облигациям это не относится. Читайте первоисточник
559|22.03.2020 15:47:20|Harry Lime|Если муни будут пописят я пожалуй уйду туда
560|22.03.2020 15:47:20|Nikolay Surkov|Вот и сам протокол рабочей группы Собянина.
567|22.03.2020 15:49:06|Alexey V. L.|одно тянет за собой другое
568|22.03.2020 15:52:19|Alexey Vishnyakov|Если муни будут по 50. Никто никуда не уйдёт. Из ВДО  уж точно.
569|22.03.2020 15:54:13|Дмитрий Адамидов|Да вот именно
572|22.03.2020 15:58:44|Aleksandr|https//www.kommersant.ru/amp/4298951
573|22.03.2020 16:01:53|DK|Ta 35 4,6 в моменте
574|22.03.2020 16:04:05|Дмитрий Адамидов|Евреи жёстко завязаны на США в плане финансов
576|22.03.2020 16:05:30|DK|Как и бОльшая часть мира посмотрим утром Азию, но видимо опять мы вниз
577|22.03.2020 16:06:14|Дмитрий Адамидов|Посмотрим. Но это лучше в Друзя все таки
578|22.03.2020 16:22:02|Andre|Но ОМ для этого и разместил второй выпуск
579|22.03.2020 16:26:02|Harry Lime|Возможно , но есть знаменитый кейс с двумя выпусками Сибирского гостинца
580|22.03.2020 16:59:48|Alexander|А кстати, чем с ним дело закончилось Реструктуризация Сам то гостинец живой вроде как.
581|22.03.2020 18:33:48|Aleksei Tuv|Туда все уйдут
583|22.03.2020 18:38:41|Alex Petroff|Продолжая логическую цепь ваших рассуждений, предположу, что вы оттуда. Это же про бонды
584|22.03.2020 18:42:51|DIM|Новости пробондс читаю, а у каскада разве не 12.08 оферта А то пишут про апрель почему то
585|22.03.2020 18:49:36|Harry Lime|По рублевому выпуску облигационеры получили болт , по валютному выплаты продолжались с техническими дефолтами и просрочками в несколько месяцев
586|22.03.2020 18:55:37|Alexey Vishnyakov|Насколько я понимаю, у гостинец и взять нечего было. Один цех. И тот в непонятной степени готовности. Я помню видео было, где Мартынов его осматривает.
587|22.03.2020 18:57:35|Harry Lime|Облигационеры оказались мягкие и не готовы были брать чтото. Надеюсь наши бойцы в случае проблем об,единятся и централизованно начнут щемить дефолтника в судах как минимум.
588|22.03.2020 18:59:54|Aleksei Tuv|Болт в тех условиях было не плохо
589|22.03.2020 19:03:53|Alexander|Там на сайте у них написано, что простили по решению ОСВО Т.е. воблов кинули, но конторка продолжает работать
590|22.03.2020 19:04:57|Harry Lime|Именно так , указали светлый путь для всех эмитентов ВДО
592|22.03.2020 19:05:10|DIM|Точно, забыл совсем опять про ко
593|22.03.2020 19:05:26|Alexander|Как это возможно 75 было у своих
594|22.03.2020 19:05:35|Harry Lime|Ага
595|22.03.2020 19:05:41|Alexander|Жесть
596|22.03.2020 19:05:47|Владимир Парцей|Минэк РФ эффект от пандемии скажется на малом и среднем бизнесе уже в ближайшие месяцы. Малый бизнес с точки зрения законодателя может насчитывать от 16 до 100 сотрудников и иметь выручку до 800 млн рублей, а средний от 101 до 250 сотрудников и иметь выручку до 2 млрд рублей. Большинство эмитентов ВДО, с точки зрения законодателя и должностных лиц, относятся к малому и среднему бизнесу.
597|22.03.2020 19:06:17|Soa|и что
598|22.03.2020 19:07:05|Harry Lime|Учтите , крупные держатели могут вступать в сепаратные сговоры с эмитентом . С ними могли рассчитаться кэшем например.
599|22.03.2020 19:08:18|Владимир Парцей|Уровень риска растёт. Даже в правительстве проблему уже заметили. Следовательно, доходность тоже должна скорректироваться. Это может произойти за счёт ухода бумаг сильно ниже номинала.
600|22.03.2020 19:08:44|Soa|То есть вы заметили риски
602|22.03.2020 19:09:17|Владимир Парцей|То есть уровень риска был значительно ниже, а сейчас вырос
603|22.03.2020 19:09:30|Soa|Сегодня с утра
605|22.03.2020 19:10:55|Дмитрий Адамидов|Много раз
606|22.03.2020 19:11:27|Владимир Парцей|С момента распространения вируса на Россию, а так же дестабилизации нефтяного рынка. Уровень риска постепенно растёт
607|22.03.2020 19:12:27|Alex Petroff|Путеводная вы наша звезда...
608|22.03.2020 19:12:44|Soa|на смену дня придет ночь, а после ночи наступит день
609|22.03.2020 19:13:13|Владимир Парцей|Какой вопрос, такой и ответ.
610|22.03.2020 19:14:54|Zeev|Мнение В первую очередь, под ударом находится рынок инструментов с фиксированной доходностью, поскольку следующей серией марлезонского балета могут стать дефолты по купонам и погашениям. Сколько компаний и секторов работают с колес, для которых даже минимальный простой грозит серьезным сокращением cash flow И у которых нет запаса прочности. Огромная масса  авиакомпании, строительство, транспорт, туризм, прочие из сферы услуг. Следующими могут стать капиталоемкие отрасли  тяжелое машиностроение, металлургия, транспорт, автомобилестроение в случае резкого снижения продаж на фоне коронавируса. То есть те, которым страшен затяжной кризис ликвидности, которым сложно или невозможно на какоето время законсервировать производство. кризисные явления, связанные с нехваткой ликвидности, скорее всего, будут проявляться. Не удивлюсь, если ближе к лету мы увидим череду дефлотов по корпоративным, а, возможно, и суверенным облигациям. bitkogan
611|22.03.2020 19:16:34|Ivan Ivanov|Молодец вроде...
613|22.03.2020 19:41:10|А что ты сделал для котэ!?|Суверенным И этот человек покупал Обувь Я охреневаю с быстроты переобувания Не, я сам из многих ВДО выскочил Но пророчить суверенные дефолты уже летом ...
614|22.03.2020 19:42:02|Алексей ayaye :)|а это про какой рынок
615|22.03.2020 19:43:00|Владимир Парцей|Мб там суверенные долги иностранных государств подразумеваются.
616|22.03.2020 19:47:57|Alexey Vishnyakov|Ну Ливан то объявил. Вот хохлы за 2 недели сожгли 2,5 миллиарда возможно ошибаюсь, но что резервы они жгут пытаясь удержать гривну  точно. Если так продолжится, и если у них наступит жопа и если понимаю, что если много мфв им не поможет  то могут и они.
617|22.03.2020 20:18:52|Дмитрий Адамидов|Миф о надёжности гособлигаций падёт следующим
620|22.03.2020 20:25:33|Zeev|Почемуто все считают, что БР в случае дефицита ликвидности будет покупать ОФЗ по номиналу.
621|22.03.2020 20:27:11|Alexander|Что ему помешает напечатать рубли
622|22.03.2020 20:27:26|Zeev|А это и есть печатание
624|22.03.2020 20:28:10|Alex|Причем тут ВДО
625|22.03.2020 20:30:10|Zeev|Вы про что
626|22.03.2020 20:33:54|Alex|Это чат про высокодоходные облигации. Хватит нести сюда мусор.
627|22.03.2020 20:34:54|Дмитрий Адамидов|У меня уже добровольные помощники образовались
630|22.03.2020 20:38:14|Dmitry Manzor|мусор напрямую относится к нашему чату ЭБИС всех переработает
631|22.03.2020 20:38:25|Дмитрий Адамидов|Про акции и крипту попрежнему в Друзе, но долговые рынки обсудить вполне можно
632|22.03.2020 20:38:42|Zeev|А меня удивляют добровольные ревнители расовой чистоты. Генетикилюбители.
633|22.03.2020 20:39:00|Дмитрий Адамидов|Ничо, он и меня ругал за Дэни помнится. Надо смириться
634|22.03.2020 20:43:58|Zeev|Озвучено мнение о вероятных проблемах у строителей, транспортников и пр. Вместо того, чтобы прокомментировать, както обсудить друг Юстаса тут же сигнализирует.
635|22.03.2020 20:44:25|Дмитрий Адамидов|Все упирается в сроки карантина на самом деле
638|22.03.2020 20:45:47|Zeev|Хочется в это верить
639|22.03.2020 20:46:35|Дмитрий Адамидов|Но у на есть правительство и ЦБ склонное к сюрпризам
641|22.03.2020 20:47:39|Zeev|ЦБ, как мне кажется, к сюрпризам, как раз, не склонно. А вот дед
642|22.03.2020 20:49:00|Дмитрий Адамидов|Посмотрим. Что гадать
643|22.03.2020 20:49:38|А что ты сделал для котэ!?|А судя по Италии
644|22.03.2020 20:51:04|Дмитрий Адамидов|А в Италии когда началось
648|22.03.2020 20:58:09|Alexander|Китай заблокировался, когда зарегистрированных случаев было несколько сотен, а Италия начала закрываться после полутора тысяч, да и то както дыряво.
649|22.03.2020 20:59:23|DIM|Надеемся и верим, но в Китае карантин в очаговые места ввели практически сразу, у нас этого нет в Италии не было, пока не получили что получили
650|22.03.2020 20:59:42|А что ты сделал для котэ!?|Да, пару недель назад пошли массовые сообщения о болезни Но не пик 
652|22.03.2020 21:00:57|Aleksandr|22 апреля голосование
653|22.03.2020 21:01:20|Дмитрий Адамидов|Читал вчера интервью эпидемеолога 34 недели эпидемия нарастает, потом идёт на спад.
656|22.03.2020 21:04:28|Aleksandr|А кто у них покупать то будет в прежних обьмах
657|22.03.2020 21:04:53|Дмитрий Адамидов|Так они ж не сразу и не факт что на прежние выйдут
660|22.03.2020 21:08:31|Mikhail Evdokimov|Пока не увидим статистику по Китаю будем гадать
661|22.03.2020 21:10:11|Andrey Belous|Эх транспортники, а ЦППК всё никак не нальют по хорошей цене
662|22.03.2020 21:13:29|Shamtu|Двойное i это опечатка или ктото к Италии добавился
663|22.03.2020 21:14:41|Евгений Коломна|Нальют, когда Москву на карантин посядят и пригородное ж.д. сообщение отрубят
664|22.03.2020 21:16:56|Шура SiberianRanger|C 2011 года в печати иногда используется PIIGS, где дополнительная I соответствует Ирландии
665|22.03.2020 21:21:54|Shamtu|Предполагал конечно айришей, но не думал, что у них так плохо, что их в одну компанию с южными странами занесли
666|22.03.2020 21:22:41|Шура SiberianRanger|Occasionally, the acronym is expanded to PIIIGS to include Ireland and Iceland.
667|22.03.2020 21:24:19|Andrey Belous|Карантина не будет  в этом я уверен. Народу уже мало в транспорте, ибо многих отправили на удалёнку, но главная фишка, изза которой я думаю и не особо просядет прайс на такие бумаги, это то, что практически у всех людей куплены проездные на 1 месяц и более лично я сразу на год покупаю. Так что прайс сильно не просядет
668|22.03.2020 21:26:31|Shamtu|Свииииииньи 
669|22.03.2020 21:27:34|Шура SiberianRanger|Да, не просто свиньи, а СВИИИНЬИ D
671|22.03.2020 21:30:51|Shamtu|
672|22.03.2020 21:51:07|Дмитрий Адамидов|Про элки в Друзя пжлста
673|22.03.2020 21:54:35|Andrey Belous|Бонды транспортников же Нет
674|22.03.2020 21:56:15|Дмитрий Адамидов|Ага, безбилетников
678|23.03.2020 01:41:59|DIM|Удалённо сделают голосовал ку
682|23.03.2020 08:38:33|Aleksei Tuv|А как там в плане короновируса Спокойно
683|23.03.2020 08:40:10|DIM|Доброе утро всем, ну что сегодня ожидаем очередное down down down
685|23.03.2020 08:46:19|Aleksandr|Да
688|23.03.2020 09:46:17|А что ты сделал для котэ!?|Нет Дальше гланд не проскользнет
689|23.03.2020 09:58:52|Aleksandr|Это важно чтоб пищевод был в норме
690|23.03.2020 10:12:30|Alexey Vishnyakov|Что то у нас с утра жидкое заливное. Только обувь, лизинг трейд и каскад ливанули, из того, что есть. В остальном цены пятницы. Видимо продавцов мало, а покупатели стоят по 80
693|23.03.2020 11:28:22|Светлана|Идеальное место для спекуляций пока такая дикая волатильность  те , кто умеют и знают как использовать этот момент , чувствуют себя прекрасно как и на растущем рынке
694|23.03.2020 11:38:46|Sergey Kozmin|Мечел16 сегодня взял по 96.8, почти чтото ВДО...
695|23.03.2020 11:39:13|Harry Lime|Возвращение к истокам
696|23.03.2020 11:42:17|Andrey Belous|Обнуление
697|23.03.2020 11:43:34|Harry Lime|Не , мечел  классика , но дорого , 9 апреля 2018 втарился 16 по 85
698|23.03.2020 11:44:46|Евгений|по рискам он сейчас мне кажется вполне вдо
699|23.03.2020 11:45:27|Оксана|По Италии нельзя судить. У них самое взрослое население с огромным багажом болячек. За счет которого и резко возросла смертность
700|23.03.2020 11:46:03|Светлана|Там НДФЛ со всего купона
701|23.03.2020 11:46:40|Mikhail Strovsky|Я стараюсь вдо разбавлять бондами гтлк. 9,75 до 2032 года нормально вполне
702|23.03.2020 11:47:40|Sergey Kozmin|да
703|23.03.2020 11:47:58|Alex|Италия как раз будет хорошим знаком если там на спад пойдут новые случаи
704|23.03.2020 11:53:48|Andrey Belous|Опыт есть опыт...
705|23.03.2020 12:01:02|Alexander G|Покороче должно быть , оферты посмотрите .
706|23.03.2020 12:01:38|Alex|Офигенно. Длиннющий гтлк с потенциалом реструктуризации
707|23.03.2020 12:02:17|А что ты сделал для котэ!?|А как ты думаешь, сколько у ГТЛК лизинга на авиаторов
708|23.03.2020 12:02:47|Mikhail Strovsky|Много. Но это госструктура. Вольют ликвидность и никто не пикнет
709|23.03.2020 12:04:23|Aleksei Tuv|
710|23.03.2020 12:04:33|А что ты сделал для котэ!?|То есть ты осознаешь риск и принимаешь его. Ок
711|23.03.2020 12:05:40|Mikhail Strovsky|Господи. У меня львиная доля бумаг это голубые фишки. Потеря даже всех вдо я переживу. Плюс я точно знаю, что не умрут они все.
712|23.03.2020 12:32:45|Vlad Kh|Как считаете, можно ли както сделать так купить облиг какогото застройщика если повезет  по 95 номинала, а потом както попытаться ими заплатить этому застройщику за квартиру Были ли такие претенденты в других странах
713|23.03.2020 12:35:46|Дмитрий Адамидов|Если вы без друзей с автоматами в офис пришли то вряд ли
715|23.03.2020 12:46:41|Arslan|
716|23.03.2020 12:48:46|ОлегЕ.|с друзьями  из Друзя
717|23.03.2020 12:56:44|Sky|Кузине 10 бумажек принесли таки на оферту
718|23.03.2020 12:57:46|Harry Lime|Да , интересный кейс
719|23.03.2020 13:02:19|Sky|Что теперь с реорганизациейто будет  Я тоже нес, но тотальный выкуп 19го отбросил эту нужду  Но это все понятная относительно история была. Интересное начинается теперь.
720|23.03.2020 13:20:19|Kirill|В ленте НРД у многих купон приходит заранее, но сообщение на дискложе за день до купона я встречаю впервые. Роял бдит 
721|23.03.2020 13:20:19|Kirill|1146 ООО Роял Капитал Выплаченные доходы по эмиссионным ценным бумагам эмитента id37312 
722|23.03.2020 13:24:36|Дмитрий Адамидов|Как перевели так и сообщили
724|23.03.2020 13:43:12|Andrey Belous|Ждём ИТЦ
725|23.03.2020 13:46:15|Harry Lime|Потратил уже
726|23.03.2020 13:46:41|Andrey Belous|Хм. Надо зайти глянуть. Чтото раскрытие не пришло
728|23.03.2020 13:52:53|Светлана|Коллеги, аморт по Миг кредиту пришел
729|23.03.2020 13:53:49|Harry Lime|Потрачено
730|23.03.2020 13:55:50|Светлана|В БКС купон был, а аморта нет
731|23.03.2020 13:56:11|Harry Lime|Зажуковали
733|23.03.2020 14:15:45|Sergey Kozmin|Где можно найти новый перечень системообразующих предприятий Его сегодня увеличили до 600.
734|23.03.2020 14:16:26|Capricious|типа только бумаги этих предприятий братьдержать
735|23.03.2020 14:18:57|Sergey Kozmin|Их могут докапитализировать в случае чего
736|23.03.2020 14:21:10|Arslan|В Википедии пока что старый список
737|23.03.2020 14:21:17|Andrey Mayorov|Или помогут в реструктуризации долгов
738|23.03.2020 14:25:21|ОлегЕ.|в Тиньке так же. Из НРД все перечислили 19.03 значит придет сегодня или на днях...
740|23.03.2020 14:33:20|Светлана|Спасибо
741|23.03.2020 14:39:19|Александр Нечаев|Похоже случайные люди все повыходили. Сегодня просели кто и должен просесть, а вот кого хочется закупить те стоят на месте.
742|23.03.2020 14:57:18|Andrey Belous|Разбавлю. Плита в ТРУДе
743|23.03.2020 14:59:28|Aleksandr|Как то несовременно
744|23.03.2020 14:59:58|Harry Lime|Требуем 20 скидки
745|23.03.2020 14:59:58|Andrey Belous|Понимаю, но решил разбавить новостную ленту
747|23.03.2020 15:21:02|Andrey Belous|Я конечно извиняюсь за очередной глупый вопрос, но если покупаю бумагу за день до купона, получаю купон, потом продаю её  бумажный убыток будет или он только с тела считается
748|23.03.2020 15:38:45|Arslan|Списки системообразующих компаний чиновники составляют с 2008 г., прошлый список был утвержден в 2015 г., в нем числилось около 200 организаций  на них приходится 70 совокупного национального дохода, а численность занятых составляла более 20 населения. По каким принципам был сформирован новый список, представитель Минэкономразвития не прокомментировал, а представитель Белоусова перенаправил вопросы в Минэкономразвития. В новый список вошли авиакомпании Россия, Сибирь, Utair и др. и несколько аэропортов например, Домодедово и Пулково. Изза закрытия границ, отмены рейсов аэропорты терпят убытки. Чтобы обойтись без сокращений, Домодедово сообщало, что будет вынуждено сократить зарплаты. В списке оказалось также множество агропромышленных комплексов, производителей продуктов питания, а также продуктовых сетей Вкусвилл, Ашан, Атак и др.. Впервые в списке оказались продавцы непродовольственных товаров  Спортмастер, ИКЕА, Леруа Мерлен восток, М.видео. В списке есть и совсем неожиданные компании  Глория джинс, Макдоналдс, Домашний интерьер, Бургер рус юрлицо в Burger King в России и др. В него также вошли несколько десятков ФГУПов и строительных компаний, в том числе дорожных  Автобан, Мостотрест и др. Само по себе включение компании в список не влечет оказания поддержки, подчеркивает представитель НЛМК. Но мониторинг таких компаний должен помочь выявить их проблемы и разработать инструменты господдержки в случае необходимости, указывало Минэкономразвития. Компании из списка могут подать заявку и согласовать план финансового оздоровления. Перечень компаний нужен прежде всего для мониторинга проблем, объясняет чиновник. Металлургические компании уже получили от Минпромторга таблицу для еженедельного мониторинга, в которой кроме показателей производства готовый прокат, экспорт, отгрузка, данных о задолженности они должны указать информацию о числе уволенных и заболевших сотрудников, средней зарплате, рассказал сотрудник одной из компаний из списка. Компании также могут проинформировать властей о текущих проблемах на производстве. Разработка мер господдержки системообразующих предприятий своевременна, так как снижение деловой активности в мире отрицательно сказалось на представителях многих отраслей, подчеркивает представитель Русской медной компании РМК. Но сама компания в господдержке не нуждается, рассказывает он, предприятия работают в штатном режиме, все контракты исполняются, инвестпроекты продолжаются. Наиболее эффективной помощью для металлургии станет поддержка отраслей металлопотребления,  говорит представитель НЛМК. Основные потребители стали  строители и автопроизводители, отметил он. Строителям понадобится господдержка, компании сейчас готовят свои предложения, сказали топменеджеры двух строительных компаний. Собеседник Ведомостей в одной из трубных компаний, оказавшейся в списке, считает, что не лишней была бы помощь для стимулировании спроса, рефинансирования кредитов и обеспечения равных прав поставщиков трубной продукции. Включение в список системообразующих сейчас позволяет компаниям получать доступ к льготному кредитованию и госгарантиям, говорит партнер Dentons Василий Марков. В условиях, когда новые меры поддержки надо принимать оперативно, расширение списка разумно, считает он. Для многих критически важны процентные каникулы по кредитам и адресные субсидии, говорит Марков.
749|23.03.2020 15:44:32|Константин|Щас Шевченко пойдет в рост
750|23.03.2020 15:44:32|Константин|Тонна российской пшеницы стала стоить дороже тонны нефти. Хорошая новость у нас и того, и того  навалом.
751|23.03.2020 17:41:59|Adviser|Судя по действиям ФРС скоро и облиги будем покупать не штуками, а тоннами
752|23.03.2020 17:42:15|Dmitry Manzor|поясните
753|23.03.2020 17:46:36|Morkoy| qeqt сша спикеры KASHKARI ФРС У ФРС НЕОГРАНИЧЕННОЕ КОЛВО ДЕНЕГ. ФРС ИХ СОЗДАЕТ ЭЛЕКТРОННО В НЕОГРАНИЧЕННОМ КОЛВЕ.
754|23.03.2020 17:47:09|Morkoy|Открыли залежи денег , это выгоднее чем качать нефть
755|23.03.2020 17:51:03|Harry Lime|Да я давно говорил в марксовской формуле ДеньгиТоварДеньги товар давно потерял всякий смысл
758|23.03.2020 17:52:38|Dmitry Manzor|В РФ таких залеж нет
759|23.03.2020 17:52:53|Ghisler|Проблему не залить деньгами, если острую фазу собьют, то все равно дорога на юг в изнуряющий путь
760|23.03.2020 17:53:01|Harry Lime|У нас залежи рублей
762|23.03.2020 17:53:28|Dmitry Manzor|ну и будем опять в миллионах жить кому легче станет
763|23.03.2020 17:53:34|Ghisler|Они гробовые
764|23.03.2020 17:53:40|Alexi|Понеслась. Рэй Далио верно сказал Cash is trash. Только его не все правильно поняли
765|23.03.2020 17:59:03|Andrey Hohrin|долларами скоро будем туалеты оклеивать, похоже.
766|23.03.2020 18:00:36|Servis|ПОВЕРХ РУБЛЕЙ ЧТОЛЬ
767|23.03.2020 18:01:45|Andrey Hohrin|между вперемешку
768|23.03.2020 18:02:56|Aleksandr|Поверх выписок с брокерского счета
769|23.03.2020 18:04:26|Andrey Belous|Главное чтобы на эти доллары не покупали российские бумаги
770|23.03.2020 18:04:56|Bugsy|А у btc ограниченная эмиссия
772|23.03.2020 18:08:30|Andrey Hohrin|значит, огосурадствим и создадим множество альтернативных валюты и QE по ним замустим 
773|23.03.2020 18:09:44|Morkoy|Куда он его потерял 
774|23.03.2020 18:47:51|Alexi|Добро пожаловать в эпоху modern monetary theory
775|23.03.2020 18:50:54|Дмитрий Адамидов|https//upload.wikimedia.org/wikipedia/en/c/ce/Valentin_Pavlov.JPG
777|23.03.2020 18:53:41|Denis Kozlov Septem|3000
779|23.03.2020 18:56:46|Шура SiberianRanger|Первичка 23 марта
780|23.03.2020 18:57:05|Andrey Belous|С  стабильность
781|23.03.2020 18:57:18|Шура SiberianRanger|TOP DNIWE 23 марта
782|23.03.2020 19:58:27|Harry Lime|Этот день мы приближали как могли ...
783|23.03.2020 20:00:11|Дмитрий Адамидов|Да вообще не приближали но выглядит красиво
784|23.03.2020 20:01:01|Harry Lime|3000 спартанцев 
785|23.03.2020 20:28:27|Дмитрий Адамидов|В Друзя идите флудить
789|23.03.2020 20:33:24|Dmitry|В чём логика провала именно лизингов, кроме того, что Гарри их не любит Гипотетически
790|23.03.2020 20:33:58|Дмитрий Адамидов|Разбежались все. Фишки подешевели
794|23.03.2020 20:37:02|Dmitry|Не, ну я про небольших из таблички. Они же сейчас кэш накапливать на счетах начнут, в отличие от кондитерских, например
795|23.03.2020 20:37:25|Дмитрий Адамидов|Либо изьятую за долги технику
796|23.03.2020 20:37:46|Dmitry|Сначала всё же кэш
797|23.03.2020 20:38:12|Дмитрий Адамидов|При общем ухудшении ситуации всем нехорошо в том числе и лизингам
798|23.03.2020 20:38:16|Dmitry|Им его девать некуда при остановке новых заказов
800|23.03.2020 21:18:31|Дмитрий Адамидов|Денис вроде говорил что к оферте готовы, ничего не боимся
801|23.03.2020 21:34:29|Harry Lime|10 млн , моя ставка
802|23.03.2020 21:39:33|DIM|Весёлый день получился даун был с хорошей волотильностью вверх, прям удивительно несмотря что просадка была по всем рынкам, у нас индекс мос биржи в обед попёр вверх
804|23.03.2020 21:41:25|Harry Lime|Все ты проспал , Эбис погасили , Каскад отменили
805|23.03.2020 21:41:50|DIM|Да я со своими фьючами тут целый день воевал. Спасибо за инфу
806|23.03.2020 21:42:14|Harry Lime|Фьючи тут нельзя упоминать
807|23.03.2020 21:42:25|DIM|Сорян
810|23.03.2020 21:45:12|Harry Lime|Бонды сходили на дно , прифигели от дохи 2530 . И скорректировались на 510 вверх по телу. 18 марта был самый апокалипсис
811|23.03.2020 21:46:06|Aleksandr|Я мало купил 
812|23.03.2020 21:47:01|DIM|Да я это понял уже ну думал что ещё разок на 90 хотя бы сходят
813|23.03.2020 21:47:04|Harry Lime|Теперь только случайные дефолты могут привести инвесторов в уныние
815|23.03.2020 21:47:39|DIM|Остаётся анализировать фин отчётность ну и надеятся и верить
817|23.03.2020 21:52:38|Harry Lime|Я думаю сейчас был бы уместен закон о квалификации. Рынок показал , что в руках крупных профессиональных держателей ему будет комфортнее. Эффекта тинька больше не будет , поэтому можно принимать
818|23.03.2020 22:00:30|DIM|Да я как раз к нему готовлюсь, в июле думаю получить статус квала
819|23.03.2020 22:00:46|ОлегЕ.| Холмс, а почему со стороны Гримпенской трясины опять доносится жуткий вой Это снова воют юные акционеры Тинькоффа  Нет, мой дорогой Ватсон. Юные акционеры Тинькоффа уже все продали и сейчас тихо плачут в самоизоляции. Это воют те, кто не успел вовремя прикупить себе гречи и сахара.
820|23.03.2020 22:01:16|DIM|Хорошо сказано
821|23.03.2020 22:10:49|Alexi|Сейчас идёт вторая волна домохозяек. Торговая идея все подешевело, надо покупать
822|23.03.2020 22:17:11|Rodan|так это подарок 
823|23.03.2020 22:18:52|Harry Lime|Читаю на АльфаВелс  сегодня мы открыли окно. Ну думаю , лонг с плечами.
824|23.03.2020 22:19:31|ОлегЕ.|Планктон для китов рынка нужен всегда
825|23.03.2020 22:33:08|Arslan|Простите, речь об акциях или облигах
826|23.03.2020 22:40:55|Aleksandr|Да уж , в докоронавирусную эпоху деньги текли рекой в ВДО . Люди обижались что им первички не налили.
827|23.03.2020 22:42:16|Александр Нечаев|Так по 80 не всем налил и кто хотел, сейчас снова будут обиженные
828|23.03.2020 22:43:00|DIM|Врядли, распугали многих уже
829|23.03.2020 22:45:21|Дмитрий Виноградов|80 это новые 100
832|24.03.2020 00:20:56|Fandango|А что такое эффект тинька в этом случае Покупки за 26 Продажи за 10
834|24.03.2020 06:44:34|Harry Lime|У меня какието крэйзимэны забрали в январе Миг Кредит по 108 и Таксо в феврале по 107. Тыкаем в приложуху , видим только доходность , на цену не смотрим. Вот такой эффект.
835|24.03.2020 07:04:03|Alexey Vishnyakov|Помню как год назад все ждали попадания бумаги в тинек  это гарантировало взлёт до 105. У пользователей тинька тогда небыло стакана. Да у них даже цены небыло  была цена в рублях с учётом нкд. В процентах небыло. Но у них была сортировка по максимальной доходности Отсюда и рост.
836|24.03.2020 07:06:10|Harry Lime|Слющай дарагой , зачем цена  у нас товар , у вас купец , доходность атличный 
837|24.03.2020 07:18:12|aleksey|есть тут своя правда  но я лично давно зарекся. брать по 101 и то если хорошая бумага
839|24.03.2020 07:53:29|Alex|Бумаги по разным причинам могут стоит дороже номинала. Фундаментально обоснованные и ликвидные бумаги не могут по любому чиху упасть на номинал со 165 например. А моторы, грузовики и прочие искуственно разогнанные бумаги легко. Поэтому инвесторы покупают тогда, когда устраивает доходность к погашению, а не исходя из цены.
840|24.03.2020 07:54:54|Harry Lime|Ну или спекулятивно , чтобы сдать страждущим на пике
841|24.03.2020 08:01:51|Alex|Сложная работа с кучей условий, теперь апсайдов может и не быть вовсе, тем более при смене трендов ставок. И юный спекулянт купив котлету нового софтлайна/грузовика/чего угодно, выйдет с лосем.
842|24.03.2020 08:02:23|Andrey Belous|В следующем году ждём
843|24.03.2020 08:02:33|Artem|Как то не лучшее время щас имхо...
844|24.03.2020 08:02:40|Harry Lime|Я уверен , что эпоха закочилась
846|24.03.2020 08:02:54|Шура SiberianRanger|One mans loss is another mans gain 
847|24.03.2020 08:03:07|Artem|
848|24.03.2020 08:05:04|Alexey Vishnyakov|С другой стороны в хороших бумагах с хорошим купоном я готов сидеть до погашения. Меня, вообщем то, даже ко устроил бы.
849|24.03.2020 08:09:27|Alex|Это потому что ты дефолтов не ловил. Когда твоя хорошая бумага сходит на планку тогда и расхочется сидеть до погашения во всем.
850|24.03.2020 08:10:52|Andrey Mayorov|
852|24.03.2020 08:11:55|Sanek|на планку это на номинал
853|24.03.2020 08:12:26|Andrey Mayorov|ВЫБИРАЙТЕ ОБЛИГАЦИИ В КОТОРЫХ ГОТОВЫ СИДЕТЬ ДО ПОГАШЕНИЯ
854|24.03.2020 08:13:50|Alex|40 от текущей цены, максимально изменение цены за день
855|24.03.2020 08:15:50|Harry Lime|От закрытия предыдущего дня
856|24.03.2020 08:17:22|Sanek|ясно я за Лизинг которого у меня много переживаю.....какие то танцы с бубном вокруг этой деятельности начались.Коммерсант
857|24.03.2020 08:18:33|Harry Lime|В кризис лизинг первый принимает удар , тк до кризиса таскает каштаны из огня за долю малую
859|24.03.2020 08:42:43|Alexey Vishnyakov|Ну если всего бояться, то только ОФЗ покупать. Или в депозите сидеть.
860|24.03.2020 09:16:21|Алексей ayaye :)|неплохая идея 
861|24.03.2020 09:23:55|Шура SiberianRanger|Особенно если депозит в долларах 
862|24.03.2020 09:24:30|Алексей ayaye :)|всегда так делаю  только заканчивается скоро 
863|24.03.2020 09:24:53|Morkoy|Под 1,3 
864|24.03.2020 09:25:04|Шура SiberianRanger|3.25
865|24.03.2020 09:25:13|Morkoy|Это где такие депозиты 
866|24.03.2020 09:25:29|Шура SiberianRanger|в 2018 D
867|24.03.2020 09:30:27|Алексей ayaye :)|3.5, втб 525 дней
868|24.03.2020 09:44:48|Lizardking0808|Уважаемый Павел bondyboss , доброе утро Вопрос насчёт нижней границы выкупа по апрельской оферте. Дэни не рассмотрит вопрос о номинале, чтобы слоны не затоптали малышей, как в марте
869|24.03.2020 09:49:03|Boris|это же не выгодно эмитенту
870|24.03.2020 09:51:36|Viacheslav Petriaev|В след году по номиналу будет для всех
871|24.03.2020 09:57:47|Marinusik Bel|Зато клиентоориентировано 
872|24.03.2020 10:02:09|Alex|Хеликоптер мани from Dany
873|24.03.2020 10:35:46|Расим Киямов|День добрый, уважаемые инвесторы. На данный момент отправляем первый платеж по облигациям в НРД. Всё поплану
874|24.03.2020 10:38:33|İldar Rafikov|Звонил только что Расиму Криал КЭС. Он подтвердил отправку денег по купону. Правда сказал что деньги уходят сегодня. Учитывая что срок выплаты сегодня, это нормально Прошу коммент спецов. Бумага здорово присела. Это общий фон или...
877|24.03.2020 10:51:12|Расим Киямов|НРД деньги получил, после 1200 будут распределять.
878|24.03.2020 10:51:20|İldar Rafikov|Эх, мало вчера прикупил...
879|24.03.2020 10:52:12|Расим Киямов|Вот только могу ли об этом сообщать до официальной выплаты  пока вопрос. Жду ответ от брокера, если нельзя  удалю всю
880|24.03.2020 10:52:29|Дмитрий Адамидов|мы ничего не видели
881|24.03.2020 11:09:38|İldar Rafikov|
882|24.03.2020 11:42:00|Alex|Отлично. Но часто эмитенты стараются хотя бы один день в запасе иметь, на случай задержки платежа банком. Недавно изза такой задержки один из эмитентов допустил технический дефолт.
883|24.03.2020 12:00:21|Виталий B|Хорошая новость для тех, кто купил ПионЛиз по номиналу  теперь опцион стоит 11 от депо, что бы принести бумаги на оферту через год.
884|24.03.2020 12:02:36|Alexey Vishnyakov|А сколько была
885|24.03.2020 12:02:45|Виталий B|1
886|24.03.2020 12:09:14|nik|Класс. Заперли на 90
887|24.03.2020 12:11:31|Виталий B|Отношение к облигационерам  не ахти. Рекламировали маркетмейкера, который первый убежал на 8075 Теперь и на оферту не принести бумаги.
888|24.03.2020 12:12:04|Harry Lime|Платная парковка
889|24.03.2020 12:24:48|Дмитрий Адамидов|Это хорошо, но давайте перекличку не устраивать и мне капнула и мне ...
892|24.03.2020 12:29:12|Сергей Ковалев|Выйти можно было в самом начале когда стало понятно что маркетос не будет держать цену Кто захотел тот вышел
893|24.03.2020 12:29:30|Дмитрий Адамидов|я вообще и не входил
894|24.03.2020 12:31:26|Виталий B|Выпуск длинный, анонсировали кучу фишек чтобы цена около номинала держалась, оказалось ни мм, ни оферты ничего нет 
895|24.03.2020 12:33:09|Alex|Маркетмейкер этот тот кому можно слить по 100 в любое время чтоли
896|24.03.2020 12:34:08|Виталий B|Нет естественно
897|24.03.2020 12:37:10|Pavel Bilenko|Добрый день. Пока нижняя граница по четвертой оферте  номинал, и если не будет новых рацпредложений от эмитента, то диапазон выкупа 100104
898|24.03.2020 12:37:48|Viacheslav Petriaev|Так же через брокера можно будет подавать в начале апреля уже
899|24.03.2020 12:38:25|Alex|тогда какого отношения к облигационерам вы ждете Бесплатных денег или как Вон у дени просят оферту по 100 Ну пипец, вы в банки тоже ходите с просьбой дать денег
900|24.03.2020 12:41:14|Виталий B|У вас бумаги есть пиона  Тогда и обсуждать нечего. Мой пост для информации, выводы каждый сделает для себя.
901|24.03.2020 12:42:08|Lizardking0808|дэникобедупо90 
902|24.03.2020 12:46:19|Andrey Belous|Бумаг Дэни у меня нет, но слежу за ним постоянно почемуто
903|24.03.2020 12:46:19|Сергей Ковалев|Выводы надо было делать в первые дни паники
904|24.03.2020 12:46:38|Pavel Bilenko|сорри, дезинформировал Нижней границы по четвертой оферте нет. С третьей перепутал. Но еще по крайней мере агента менять будут, так что может и границу поставят... http//www.edisclosure.ru/portal/event.aspxEventIdwACjYNxt6EWZ4IFcCCqFYwBB
905|24.03.2020 12:47:09|Дмитрий Дудко|Добрый день, есть уже информация по 4 оферте
906|24.03.2020 12:48:07|Pavel Bilenko|см выше ссылку на раскрытие...
907|24.03.2020 12:49:54|Дмитрий Адамидов|оставили по 4ой оферте прежний порядок подачи заявлений
910|24.03.2020 12:56:34|DIM|Видимо не вкурсе, а что есть какие то сложности с подачей документов через втб я так, интересуюсь, не владею данными бумаги, просто хочу быть вкурсемало ли
911|24.03.2020 12:57:23|Дмитрий Адамидов|Ну мне писали люди что Сбер и ВТБ заявки приняли но в СТРИМ оригиналы не направили
915|24.03.2020 12:58:34|DIM|Вот блин, кароче ещё звонить и пинать надо сотрудников значит, впрочем я давно заметил что они там нехотя работают, все время подпинывать надо
916|24.03.2020 12:59:18|Дмитрий Адамидов|дело не в сотрудниках. Сбер не прошибешь так то
917|24.03.2020 12:59:57|ОлегЕ.|чтобы жизнь не пинала вас  пинайте ее впереди себя
918|24.03.2020 13:00:22|Дмитрий Адамидов|просто Дени первые две оферты собирал заявки сам  потратился на курьеров и прочее. было на самом деле беспрецедентно. А на третью в принципе достаточно в каждом городе было двух курьеров  одного в Сбер другого в ВТБ послать. Но не стали
920|24.03.2020 13:03:54|Viacheslav Petriaev|А претензию с компенсацией от банка можно в банк писать им Ведь убыток от бездействия. Тем более если подали в срок все
921|24.03.2020 13:04:09|Дмитрий Адамидов|писать кому  банку
924|24.03.2020 13:04:54|Расим Киямов|Так и планировали, но вчера был тех.сбой в одном из наших банков. Деньги готовы с пятницы
925|24.03.2020 13:18:09|Алексей Мелехов|А когда будет отчётность за 19 г
926|24.03.2020 13:23:39|Alexey Vishnyakov|Это да. Я все вынул в понедельник  вторник после пятничного завала. Потерял около 0,5.
928|24.03.2020 13:29:38|Артем|Добрый день Как и анонсировали ранее, после успешного погашения первого выпуска, готовимся к размещению нового, четвертого выпуска от всем вам хорошо известной компании Грузовичкоф. Просим всех, кто планирует принять участие в размещении, отметиться на платформе boomerang завтра, 25 марта, с 1100 по Москве. Ориентир по дате начала размещения  следующая неделя. Смотрите также презентацию и аналитическое покрытие компании.
929|24.03.2020 13:49:50|Оксана|За чей счет банкет был
930|24.03.2020 13:53:13|Дмитрий Адамидов|Сам на свои ездил насколько я понял
931|24.03.2020 13:55:51|Оксана|Крутыш
932|24.03.2020 14:07:17|Виталий|Какой минимальный выкуп
933|24.03.2020 14:07:46|Артем|Не ограничиваем, от 1 штуки то есть от 10 000 рублей.
935|24.03.2020 14:31:43|Pavel Bilenko|аудированое МСФО после 11 апреля
936|24.03.2020 14:37:51|TRue|Подскажите пожалуйста, кому и куда можно продать очень большую базу с Тюменскими номерами
937|24.03.2020 14:38:57|Oleg Egorov|В УФСБ по Тюменской области обратитесь, там объяснят
938|24.03.2020 14:40:15|TRue|Это то понятно, но всё же
939|24.03.2020 14:41:39|Andrey|посмотрите название чата, если это не про бонды  то не спамьте тут
940|24.03.2020 15:11:39|Harry Lime|Кстати очень символично , что именно Грузовичкоф похоже станет сотым биржевым выпуском в волшебной таблице ВДО
941|24.03.2020 15:18:05|Павел Мартынов|31го марта Калиту хотят размещать
942|24.03.2020 15:19:16|nik|Я не трус но Я боюсь
943|24.03.2020 15:20:42|Alex|я не трус, я из отдела риск менеджмента
944|24.03.2020 15:21:53|Артем|Тогда девиз размещения купи на соточку А там уж кто как может кто на 100 тысяч рублей, а кто и 100 бумаг. Ежели коллеги из Иволги уважаемой не опередят, разумеется
945|24.03.2020 15:23:00|Harry Lime|Да , так держать , а то на прошлой неделе за рынок ВДО соточку принимали не чокаясь
946|24.03.2020 15:32:47|DIM|По другому наверное нельзя было
947|24.03.2020 15:42:32|Denis Kozlov Septem|Уже не станет. Удален Грузовик1. Сейчас 98 выпусков. Еще обе Легенды планируем удалить  итого 96
948|24.03.2020 15:43:44|Алексей ayaye :)|а легендуто за что 
949|24.03.2020 15:44:42|Denis Kozlov Septem|слишком большая стала  это уже третий эшелон, там другие правила должны быть
950|24.03.2020 16:01:07|Дмитрий Адамидов|А Гарант инвест
951|24.03.2020 16:03:10|Aleksandr|Может как то можно договориться , начальник 
952|24.03.2020 16:03:57|Harry Lime|Доктор сказал в морг , значит в морг
953|24.03.2020 16:08:09|Denis Kozlov Septem|Его никогда не было в списке
956|24.03.2020 21:21:23|Шура SiberianRanger|Первичка 24 марта
958|24.03.2020 21:27:58|Alexi|Дэн окончательно слился...
959|24.03.2020 21:35:17|Дмитрий Адамидов|А что вы от него услышать хотели
967|25.03.2020 04:15:39|Viacheslav Petriaev|Покупки 50 лотов пионера на первичке
971|25.03.2020 07:47:34|Andrey Belous|https//t.me/rbc_news/10148
974|25.03.2020 10:37:13|Алексей Чернушевич|Хромающему и начинающему петербургскому бизнесу и командировочным https//stationhotels.ru/blog/4014
975|25.03.2020 11:33:31|Savel|Ну что, коллеги, нельзя не признать, что паника на рынке ВДО практически завершилась, котиры растут. Тем не менее ваш покорный слуга предполагает, что развитие эпидемии подарит нам очередную шокирующую новость, и будет ещё как минимум один паникселл при введении карантина или чегото в этом роде.
977|25.03.2020 11:35:01|Aleksandr|Ваши слова да Богу бы в уши
978|25.03.2020 11:35:46|Savel|Я все же ожидаю, что будет ещё падение небольшое
979|25.03.2020 11:39:58|Aleksei Tuv|Второе дно будет по любому
980|25.03.2020 11:42:57|Viacheslav Sofikor|как пойдут новости о росте в мире безработицы, падении прибыли компаний, урезания дивидендов и их отмена, не решены вопросы по нефти куда она пойдет даже если саудитами договорятся в условиях когда мировая экономика в минус выйдет да и вирус еще не отыгран...что бабла кучу выделили это хорошо только какой эффект это даст еще не известно
983|25.03.2020 12:35:42|Дмитрий Адамидов|ботовня чтоли опять атакует
984|25.03.2020 12:52:40|Denis Kozlov Septem|В Китае новая тема  хантавирус. Сегодня зарегистрирована первая смерть. В общественном транспорте. Этот сериал перестает быть оригинальным...
985|25.03.2020 12:53:47|Дмитрий Адамидов|да он со времен птичьего гриппа по одним лекалам
986|25.03.2020 12:54:22|Denis Kozlov Septem|Может пора прекращать карантин Это дорого обойдется экономике
987|25.03.2020 12:54:42|Дмитрий Адамидов|мы то готовы, но не мы его организовали
988|25.03.2020 12:56:13|Евгений|Карантин дорог, но мы не знаем, во сколько обойдется свободное распространение вируса.
989|25.03.2020 13:03:49|Harry Lime|Опубликовали итоги и прогноз развития рынка лизинга.  Сжатие корпоративного сегмента, несмотря на рост розничных сделок, привело к снижению темпов прироста рынка в 2019 году до 15.  Новый бизнес демонстрирует высокую корреляцию с кредитами, направленными на инвестиции в основной капитал, но заметно уступает по объемам.  В 2019м на фоне укрепления рубля ЛК активно привлекали валютные кредиты изза реализации отложенного спроса клиентов на импортное оборудование.  Объем сегмента МСБ за год вырос на 26 за счет позитивной динамики автолизинга, который активно участвует в финансировании каршеринга в России.  Замедление банковского кредитования и повышение ключевой ставки приведут к сокращению объема финансирования ЛК и росту его стоимости в 2020м.  Ухудшение макроситуации окажет давление на ключевые сегменты рынка и повлечет его сокращение на 10 по итогам 2020 года после четырехлетнего роста. Подробнее по ссылке . 
990|25.03.2020 13:04:08|Harry Lime|Обнуление  новый тренд
991|25.03.2020 13:26:51|Alexander|Эффективные выживут и наростят долю рынка, остальные . Вопрос как нам отличить первых от вторых
992|25.03.2020 13:29:40|Alexey Vishnyakov|Солид лизингу принесли пол выпуска. Ждём данных о трейдберри.
993|25.03.2020 13:36:37|Harry Lime|3050 фрифлоата на оферту  это новая нормальность
994|25.03.2020 13:37:15|Denis Kozlov Septem|Без паники. Всё будет хорошо.
996|25.03.2020 13:37:42|Harry Lime|Я думаю в пределах 25  10 млн руб
997|25.03.2020 13:38:00|Aleksandr|Про РКС чо нибудь скажет
998|25.03.2020 13:38:10|Harry Lime|1820
1001|25.03.2020 13:42:26|Елена Филякина|Пора примерить в ВДО слоган ВДВ В ВДВ/ВДО больных и раненых нет Есть мёртвые и живые.
1002|25.03.2020 13:52:28|Alexey Vishnyakov|Мне кажется, с таких процентов может поплохеть эмитенту...
1003|25.03.2020 13:56:43|Vadim Brohkin|Влияния на рынки и ВДО не будет, это эндемик, везде у грызунов есть.
1004|25.03.2020 13:57:23|Дмитрий Адамидов|Да, давайте по теме чата
1006|25.03.2020 14:30:57|o_nix|Вова вроде как в 1500 в очередной раз пошлёт, Если пошлёт в карантин то капец ТЦ и развлекухе...
